,adc_id,cell_id,time
0,17810,140001855,-1
1,17811,140001855,-1
2,18888,140001855,-1
3,19999,140001232,21
4,20000,140001232,21
5,20001,140001232,21
6,20002,140001232,21
7,20003,140001232,21
8,20004,140001218,21
9,20005,140001218,21
10,20006,140001218,21
11,20358,140001232,21
12,20359,140001232,21
13,20360,140001232,21
14,20361,140001232,21
15,20362,140001232,21
16,20363,140001218,21
17,20364,140001218,21
18,20365,140001218,21
19,20366,140001218,21
20,20367,140001218,21
21,20368,140001218,21
22,20718,140001232,20
23,20719,140001232,20
24,20720,140001232,20
25,20721,140001232,20
26,20722,140001232,20
27,20723,140001218,20
28,20724,140001218,20
29,20725,140001218,20
30,20726,140001218,20
31,20727,140001218,20
32,20728,140001218,20
33,20729,140001218,20
34,20730,140001218,20
35,21078,140001232,20
36,21079,140001232,20
37,21080,140001232,20
38,21081,140001249,20
39,21082,140001249,20
40,21083,140001232,20
41,21084,140001232,20
42,21085,140001218,20
43,21086,140001218,20
44,21087,140001218,20
45,21088,140001218,20
46,21089,140001218,20
47,21090,140001218,20
48,21091,140001218,20
49,21438,140001232,19
50,21439,140001232,19
51,21440,140001249,19
52,21441,140001249,19
53,21442,140001249,19
54,21443,140001249,19
55,21444,140001249,19
56,21445,140001248,19
57,21446,140001218,19
58,21447,140001218,19
59,21448,140001218,19
60,21449,140001218,19
61,21450,140001218,19
62,21451,140001218,19
63,21797,140001249,19
64,21798,140001249,19
65,21799,140001249,19
66,21800,140001249,19
67,21801,140001249,-1
68,21802,140001249,19
69,21803,140001249,19
70,21804,140001249,19
71,21805,140001248,19
72,21806,140001248,19
73,21807,140001248,19
74,21808,140001248,19
75,21809,140001500,19
76,21810,140001220,19
77,21811,140001220,19
78,21812,140001220,19
79,22156,140001227,18
80,22157,140001227,18
81,22158,140001227,18
82,22159,140001227,18
83,22160,140001227,18
84,22161,140001249,18
85,22162,140001249,18
86,22163,140001249,18
87,22164,140001249,18
88,22165,140001248,18
89,22166,140001248,18
90,22167,140001248,18
91,22168,140001248,18
92,22169,140001220,18
93,22170,140001220,18
94,22171,140001220,18
95,22172,140001220,18
96,22173,140001220,18
97,22516,140001227,18
98,22517,140001227,18
99,22518,140001227,18
100,22519,140001227,18
101,22520,140001227,18
102,22521,140001249,18
103,22522,140001249,18
104,22523,140001249,18
105,22524,140001249,18
106,22525,140001249,18
107,22526,140001248,18
108,22527,140001248,18
109,22528,140001248,18
110,22529,140001246,18
111,22530,140001220,18
112,22531,140001220,18
113,22532,140001220,18
114,22533,140001220,18
115,22875,140001227,17
116,22876,140001227,17
117,22877,140001227,17
118,22878,140001227,17
119,22879,140001227,17
120,22880,140001227,17
121,22881,140001249,17
122,22882,140001249,17
123,22883,140001249,17
124,22884,140001249,17
125,22885,140001249,17
126,22886,140001230,17
127,22887,140001248,17
128,22888,140001241,17
129,22889,140001241,17
130,22890,140001246,17
131,22891,140001246,17
132,22892,140001220,17
133,22893,140001220,17
134,23235,140001227,17
135,23236,140001227,17
136,23237,140001227,17
137,23238,140001227,17
138,23239,140001227,17
139,23240,140001227,17
140,23241,140001249,17
141,23242,140001280,17
142,23243,140001280,17
143,23244,140001249,17
144,23245,140001280,17
145,23246,140001283,17
146,23247,140001230,17
147,23248,140001233,17
148,23249,140001233,17
149,23250,140001233,17
150,23251,140001233,17
151,23252,140001229,17
152,23253,140001228,17
153,23254,140001228,17
154,23255,140001228,17
155,23265,140001316,23
156,23266,140001304,23
157,23267,140001314,23
158,23595,140001250,16
159,23596,140001250,16
160,23597,140001250,16
161,23598,140001250,16
162,23599,140001250,16
163,23600,140001249,16
164,23601,140001249,16
165,23602,140001280,16
166,23603,140001280,16
167,23604,140001280,16
168,23605,140001279,16
169,23606,140001281,16
170,23607,140001233,16
171,23608,140001233,16
172,23609,140001233,16
173,23610,140001233,16
174,23611,140001233,16
175,23612,140001228,16
176,23613,140001228,16
177,23614,140001228,16
178,23615,140001228,16
179,23616,140001238,16
180,23624,140001316,23
181,23625,140001316,23
182,23626,140001314,23
183,23627,140001314,23
184,23628,140001314,23
185,23955,140001224,16
186,23956,140001224,16
187,23957,140001250,16
188,23958,140001250,16
189,23959,140001221,16
190,23960,140001221,16
191,23961,140001278,16
192,23962,140001278,16
193,23963,140001278,16
194,23964,140001278,16
195,23965,140001278,16
196,23966,140001278,16
197,23967,140001233,16
198,23968,140001233,16
199,23969,140001233,16
200,23970,140001233,16
201,23971,140001233,16
202,23972,140001228,16
203,23973,140001228,16
204,23974,140001228,16
205,23975,140001238,16
206,23976,140001238,16
207,23984,140001316,22
208,23985,140001316,22
209,23986,140001314,22
210,23987,140001314,22
211,23988,140001314,22
212,24315,140001224,15
213,24316,140001224,15
214,24317,140001224,15
215,24318,140001221,15
216,24319,140001221,15
217,24320,140001221,15
218,24321,140001221,15
219,24322,140001221,15
220,24323,140001278,15
221,24324,140001278,15
222,24325,140001278,15
223,24326,140001278,15
224,24327,140001274,15
225,24328,140001233,15
226,24329,140001233,15
227,24330,140001233,15
228,24331,140001233,15
229,24332,140001228,15
230,24333,140001228,15
231,24334,140001228,15
232,24335,140001238,15
233,24336,140001238,16
234,24341,140001873,-1
235,24344,140001316,22
236,24345,140001316,22
237,24346,140001314,22
238,24347,140001308,22
239,24348,140001306,22
240,24349,140001306,22
241,24674,140001224,15
242,24675,140001224,15
243,24676,140001224,15
244,24677,140001224,15
245,24678,140001251,15
246,24679,140001221,15
247,24680,140001221,15
248,24681,140001221,15
249,24682,140001221,15
250,24683,140001278,15
251,24684,140001278,15
252,24685,140001278,15
253,24686,140001274,15
254,24687,140001274,15
255,24688,140001284,15
256,24689,140001284,15
257,24690,140001264,15
258,24691,140001264,15
259,24692,140001228,15
260,24693,140001226,15
261,24694,140001226,15
262,24695,140001226,15
263,24696,140001238,16
264,24700,140001871,-1
265,24704,140001313,21
266,24705,140001313,21
267,24706,140001307,21
268,24707,140001307,21
269,24708,140001306,22
270,24709,140001306,22
271,24716,140001780,-1
272,25034,140001224,14
273,25035,140001224,14
274,25036,140001224,14
275,25037,140001224,14
276,25038,140001251,14
277,25039,140001221,14
278,25040,140001221,14
279,25041,140001221,14
280,25042,140001278,14
281,25043,140001278,14
282,25044,140001278,14
283,25045,140001274,14
284,25046,140001274,14
285,25047,140001266,14
286,25048,140001284,14
287,25049,140001258,14
288,25050,140001264,14
289,25051,140001264,14
290,25052,140001264,14
291,25053,140001226,14
292,25054,140001226,15
293,25055,140001231,15
294,25056,140001231,16
295,25064,140001313,21
296,25065,140001313,21
297,25066,140001307,21
298,25067,140001307,21
299,25068,140001306,22
300,25069,140001306,22
301,25076,140001780,-1
302,25078,140001775,-1
303,25393,140001247,14
304,25394,140001247,14
305,25395,140001222,14
306,25396,140001222,14
307,25397,140001244,14
308,25398,140001244,14
309,25399,140001244,14
310,25400,140001251,14
311,25401,140001251,14
312,25402,140001285,14
313,25403,140001285,14
314,25404,140001275,14
315,25405,140001274,14
316,25406,140001265,14
317,25407,140001265,14
318,25408,140001265,14
319,25409,140001265,14
320,25410,140001265,14
321,25411,140001262,14
322,25412,140001260,14
323,25413,140001226,14
324,25414,140001226,15
325,25415,140001226,15
326,25416,140001231,16
327,25425,140001312,20
328,25426,140001307,21
329,25427,140001307,21
330,25428,140001295,22
331,25429,140001295,22
332,25430,140001303,23
333,25438,140001776,-1
334,25752,140001247,13
335,25753,140001247,13
336,25754,140001247,13
337,25755,140001222,13
338,25756,140001222,13
339,25757,140001244,13
340,25758,140001244,13
341,25759,140001244,13
342,25760,140001251,13
343,25761,140001254,13
344,25762,140001254,13
345,25763,140001253,13
346,25764,140001253,13
347,25765,140001253,13
348,25766,140001236,13
349,25767,140001236,13
350,25768,140001265,13
351,25769,140001265,13
352,25770,140001263,13
353,25771,140001259,13
354,25772,140001259,14
355,25773,140001226,14
356,25774,140001226,15
357,25775,140001226,15
358,25776,140001219,16
359,25777,140001219,16
360,25785,140001312,20
361,25786,140001312,21
362,25787,140001296,21
363,25788,140001295,22
364,25789,140001295,22
365,25790,140001303,23
366,26112,140001247,13
367,26113,140001247,13
368,26114,140001247,13
369,26115,140001222,13
370,26116,140001222,13
371,26117,140001244,13
372,26118,140001244,13
373,26119,140001271,13
374,26120,140001254,13
375,26121,140001254,13
376,26122,140001254,13
377,26123,140001253,13
378,26124,140001253,13
379,26125,140001236,13
380,26126,140001236,13
381,26127,140001236,13
382,26128,140001236,13
383,26129,140001263,13
384,26130,140001263,13
385,26131,140001259,13
386,26132,140001259,14
387,26133,140001223,14
388,26134,140001223,15
389,26135,140001223,15
390,26136,140001219,16
391,26137,140001219,16
392,26138,140001219,17
393,26139,140001219,17
394,26140,140001219,18
395,26143,140001879,19
396,26144,140001312,20
397,26145,140001312,20
398,26146,140001311,21
399,26147,140001311,21
400,26148,140001295,22
401,26149,140001295,22
402,26150,140001302,23
403,26455,140001850,-1
404,26472,140001273,12
405,26473,140001247,12
406,26474,140001247,12
407,26475,140001268,12
408,26476,140001268,12
409,26477,140001268,12
410,26478,140001268,12
411,26479,140001271,12
412,26480,140001271,12
413,26481,140001271,12
414,26482,140001255,12
415,26483,140001255,12
416,26484,140001255,12
417,26485,140001255,12
418,26486,140001236,12
419,26487,140001236,12
420,26488,140001236,12
421,26489,140001236,12
422,26490,140001263,13
423,26491,140001223,13
424,26492,140001223,14
425,26493,140001223,14
426,26494,140001223,15
427,26495,140001223,15
428,26496,140001219,16
429,26497,140001219,16
430,26498,140001219,17
431,26499,140001219,17
432,26500,140001219,18
433,26501,140001240,18
434,26505,140001311,20
435,26506,140001311,21
436,26507,140001311,21
437,26508,140001311,22
438,26509,140001295,22
439,26510,140001300,23
440,26511,140001302,23
441,26520,140001789,-1
442,26815,140001850,-1
443,26832,140001273,12
444,26833,140001273,12
445,26834,140001269,12
446,26835,140001268,12
447,26836,140001268,12
448,26837,140001268,12
449,26838,140001268,12
450,26839,140001271,12
451,26840,140001271,12
452,26841,140001270,12
453,26842,140001255,12
454,26843,140001255,12
455,26844,140001255,12
456,26845,140001255,12
457,26846,140001235,12
458,26847,140001235,12
459,26848,140001235,12
460,26849,140001235,12
461,26850,140001237,13
462,26851,140001223,13
463,26852,140001223,14
464,26853,140001223,14
465,26854,140001223,15
466,26855,140001223,15
467,26856,140001219,16
468,26857,140001219,16
469,26858,140001219,17
470,26859,140001219,17
471,26860,140001240,18
472,26861,140001240,18
473,26866,140001311,21
474,26867,140001311,21
475,26868,140001311,22
476,26869,140001300,22
477,26870,140001310,23
478,26871,140001310,23
479,26875,140001882,-1
480,27193,140001273,11
481,27194,140001269,11
482,27195,140001269,11
483,27196,140001269,11
484,27197,140001269,11
485,27198,140001271,11
486,27199,140001270,11
487,27200,140001270,11
488,27201,140001270,11
489,27202,140001255,11
490,27203,140001255,11
491,27204,140001255,11
492,27205,140001255,11
493,27206,140001235,11
494,27207,140001235,11
495,27208,140001235,12
496,27209,140001235,12
497,27210,140001235,13
498,27211,140001223,13
499,27212,140001223,14
500,27213,140001223,14
501,27214,140001223,15
502,27215,140001223,15
503,27216,140001225,16
504,27217,140001240,16
505,27218,140001240,17
506,27219,140001240,17
507,27220,140001240,18
508,27221,140001240,18
509,27228,140001309,22
510,27229,140001309,22
511,27230,140001309,23
512,27231,140001310,23
513,27553,140001329,11
514,27554,140001329,11
515,27555,140001329,11
516,27556,140001329,11
517,27557,140001322,11
518,27558,140001270,11
519,27559,140001270,11
520,27560,140001270,11
521,27561,140001270,11
522,27562,140001256,11
523,27563,140001255,11
524,27564,140001255,11
525,27565,140001255,11
526,27566,140001256,11
527,27567,140001319,11
528,27568,140001319,12
529,27569,140001339,12
530,27570,140001339,13
531,27571,140001235,13
532,27572,140003963,14
533,27573,140001243,14
534,27574,140001243,15
535,27575,140001225,15
536,27576,140001225,16
537,27577,140001242,16
538,27578,140001242,17
539,27579,140001242,17
540,27580,140001240,18
541,27581,140001240,18
542,27588,140001309,22
543,27589,140001309,22
544,27590,140001309,23
545,27591,140001310,23
546,27913,140001329,10
547,27914,140001329,10
548,27915,140001329,10
549,27916,140001329,10
550,27917,140001322,10
551,27918,140001272,10
552,27919,140001270,10
553,27920,140001270,10
554,27921,140001270,10
555,27922,140001270,10
556,27923,140001256,10
557,27924,140001256,10
558,27925,140001256,10
559,27926,140001256,11
560,27927,140001339,11
561,27928,140001339,12
562,27929,140001339,12
563,27930,140001339,13
564,27931,140003963,13
565,27932,140003963,14
566,27933,140003963,14
567,27934,140001321,15
568,27935,140001321,15
569,27936,140001242,16
570,27937,140001242,16
571,27938,140001242,17
572,27939,140001242,17
573,27940,140001317,18
574,27941,140001317,18
575,27944,140001761,24
576,27945,140001727,24
577,27946,140001725,23
578,27949,140001309,23
579,27950,140001309,23
580,28274,140001329,10
581,28275,140001329,10
582,28276,140001322,10
583,28277,140001322,10
584,28278,140001272,10
585,28279,140001270,10
586,28280,140001270,10
587,28281,140001270,10
588,28282,140001270,10
589,28283,140001339,10
590,28284,140001339,10
591,28285,140001339,10
592,28286,140001339,11
593,28287,140001339,11
594,28288,140001339,12
595,28289,140001339,12
596,28290,140003963,13
597,28291,140003963,13
598,28292,140003963,14
599,28293,140003963,14
600,28294,140001321,15
601,28295,140001321,15
602,28296,140001242,16
603,28297,140001242,16
604,28298,140001242,17
605,28299,140001242,17
606,28300,140001317,18
607,28301,140001317,18
608,28304,140001753,24
609,28308,140001883,23
610,28310,140001309,23
611,28634,140001328,9
612,28635,140001328,9
613,28636,140001272,9
614,28637,140001272,9
615,28638,140001272,9
616,28639,140001325,9
617,28640,140001324,9
618,28641,140001324,9
619,28642,140001270,9
620,28643,140001339,9
621,28644,140001339,10
622,28645,140001339,10
623,28646,140001339,11
624,28647,140001339,11
625,28648,140001339,12
626,28649,140001339,12
627,28650,140001320,13
628,28651,140003963,13
629,28652,140003963,14
630,28653,140003963,14
631,28654,140001321,15
632,28655,140001321,15
633,28656,140004199,16
634,28657,140004202,16
635,28658,140004202,17
636,28659,140004202,17
637,28660,140001317,18
638,28661,140001317,18
639,28677,140001726,-1
640,28993,140001333,9
641,28994,140001328,9
642,28995,140001328,9
643,28996,140001325,9
644,28997,140001325,9
645,28998,140001325,9
646,28999,140001325,9
647,29000,140001324,9
648,29001,140001324,9
649,29002,140001339,9
650,29003,140001339,9
651,29004,140001339,10
652,29005,140001339,10
653,29006,140001339,11
654,29007,140001339,11
655,29008,140001339,12
656,29009,140001339,12
657,29010,140001320,13
658,29011,140001320,13
659,29012,140001320,14
660,29013,140001321,14
661,29014,140001321,15
662,29015,140001321,15
663,29016,140004199,16
664,29017,140004202,16
665,29018,140004202,17
666,29019,140004202,17
667,29020,140004202,18
668,29027,140001768,24
669,29354,140001328,8
670,29355,140001328,8
671,29356,140001325,8
672,29357,140001325,8
673,29358,140001325,8
674,29359,140001323,8
675,29360,140001323,8
676,29361,140001324,8
677,29362,140001339,9
678,29363,140001339,9
679,29364,140001339,10
680,29365,140001339,10
681,29366,140001339,11
682,29367,140001339,11
683,29368,140001339,12
684,29369,140001339,12
685,29370,140001339,13
686,29371,140001339,13
687,29372,140001320,14
688,29373,140004184,14
689,29374,140004199,15
690,29375,140004199,15
691,29376,140004199,16
692,29377,140004183,16
693,29378,140004202,17
694,29379,140004202,17
695,29380,140004202,18
696,29686,140001792,-1
697,29713,140001327,8
698,29714,140001328,8
699,29715,140001328,8
700,29716,140001326,8
701,29717,140001325,8
702,29718,140001325,8
703,29719,140001323,8
704,29720,140001323,8
705,29721,140001323,8
706,29722,140001339,9
707,29723,140001339,9
708,29724,140001339,10
709,29725,140001339,10
710,29726,140001339,11
711,29727,140001339,11
712,29728,140001339,12
713,29729,140001339,12
714,29730,140001339,13
715,29731,140001339,13
716,29732,140004179,14
717,29733,140004179,14
718,29734,140004184,15
719,29735,140004183,15
720,29736,140004192,16
721,29737,140004192,16
722,29738,140004202,17
723,29739,140004182,17
724,29740,140004201,18
725,30073,140001327,7
726,30074,140001326,7
727,30075,140001326,7
728,30076,140001326,7
729,30077,140001326,7
730,30078,140001336,7
731,30079,140001336,7
732,30080,140001323,8
733,30081,140001323,8
734,30082,140001337,9
735,30083,140001337,9
736,30084,140001337,10
737,30085,140001339,10
738,30086,140001339,11
739,30087,140001339,11
740,30088,140001339,12
741,30089,140001339,12
742,30090,140001339,13
743,30091,140001339,13
744,30092,140004179,14
745,30093,140004179,14
746,30094,140004184,15
747,30095,140004183,15
748,30096,140004192,16
749,30097,140004192,16
750,30098,140004182,17
751,30099,140004182,17
752,30100,140004201,18
753,30432,140004397,7
754,30433,140001327,7
755,30434,140001327,7
756,30435,140001326,7
757,30436,140001326,7
758,30437,140001326,7
759,30438,140001336,7
760,30439,140001336,7
761,30440,140001336,8
762,30441,140001336,8
763,30442,140001337,9
764,30443,140001337,9
765,30444,140001337,10
766,30445,140001338,10
767,30446,140001338,11
768,30447,140001339,11
769,30448,140001339,12
770,30449,140001339,12
771,30450,140001339,13
772,30451,140004179,13
773,30452,140004179,14
774,30453,140004179,14
775,30454,140004180,15
776,30455,140004180,15
777,30456,140004192,16
778,30457,140004192,16
779,30458,140004185,17
780,30459,140004204,17
781,30460,140004195,18
782,30792,140004397,6
783,30793,140001330,6
784,30794,140001330,6
785,30795,140001340,6
786,30796,140001340,6
787,30797,140001336,6
788,30798,140001336,7
789,30799,140001336,7
790,30800,140001336,8
791,30801,140001336,8
792,30802,140001337,9
793,30803,140001337,9
794,30804,140001337,10
795,30805,140001338,10
796,30806,140001338,11
797,30807,140001339,11
798,30808,140001339,12
799,30809,140001339,12
800,30810,140001339,13
801,30811,140004175,13
802,30812,140004175,14
803,30813,140004181,14
804,30814,140004180,15
805,30815,140004185,15
806,30816,140004192,16
807,30817,140004192,16
808,30818,140004191,17
809,30819,140004014,17
810,30820,140004193,18
811,30836,140001750,-1
812,31151,140001491,6
813,31152,140001491,6
814,31153,140001491,6
815,31154,140001618,6
816,31155,140001618,6
817,31156,140001336,6
818,31157,140001336,6
819,31158,140001336,7
820,31159,140001336,7
821,31160,140001336,8
822,31161,140001336,8
823,31162,140001337,9
824,31163,140001337,9
825,31164,140001338,10
826,31165,140001338,10
827,31166,140001338,11
828,31167,140001760,11
829,31168,140001786,12
830,31169,140001786,12
831,31170,140001786,13
832,31171,140004175,13
833,31172,140004175,14
834,31173,140004181,14
835,31174,140004181,15
836,31175,140004185,15
837,31176,140004185,16
838,31177,140004191,16
839,31178,140003984,17
840,31179,140004014,17
841,31180,140003988,18
842,31181,140003988,18
843,31196,140001756,-1
844,31510,140001495,5
845,31511,140001490,5
846,31512,140001490,5
847,31513,140001488,5
848,31514,140001488,5
849,31515,140001488,5
850,31516,140001661,6
851,31517,140001335,6
852,31518,140001336,7
853,31519,140001336,7
854,31520,140001336,8
855,31521,140001335,8
856,31522,140001335,9
857,31523,140001335,9
858,31524,140001335,10
859,31525,140001338,10
860,31526,140001334,11
861,31527,140001786,11
862,31528,140001766,12
863,31529,140001766,12
864,31530,140001376,13
865,31531,140004175,13
866,31532,140004175,14
867,31533,140004187,14
868,31534,140004176,15
869,31535,140004190,15
870,31536,140004008,16
871,31537,140003984,16
872,31538,140003984,17
873,31539,140004014,17
874,31540,140003988,18
875,31541,140003988,18
876,31542,140003995,19
877,31866,140001791,5
878,31869,140001495,5
879,31870,140001489,5
880,31871,140001489,5
881,31872,140001493,5
882,31873,140001493,5
883,31874,140001493,5
884,31875,140001576,5
885,31876,140001576,6
886,31877,140001577,6
887,31878,140001577,7
888,31879,140001335,7
889,31880,140001335,8
890,31881,140001335,8
891,31882,140001335,9
892,31883,140001335,9
893,31884,140001334,10
894,31885,140001334,10
895,31886,140001334,11
896,31887,140001334,11
897,31888,140001766,12
898,31889,140001766,12
899,31890,140004378,13
900,31891,140001376,13
901,31892,140004188,14
902,31893,140004186,14
903,31894,140004176,15
904,31895,140003994,15
905,31896,140003975,16
906,31897,140004006,16
907,31898,140004005,17
908,31899,140003991,17
909,31900,140003979,18
910,31901,140003979,18
911,31902,140001397,19
912,31903,140001397,19
913,32229,140001495,4
914,32230,140001487,4
915,32231,140001487,4
916,32232,140001489,4
917,32233,140001492,4
918,32234,140001492,5
919,32235,140001576,5
920,32236,140001576,6
921,32237,140001577,6
922,32238,140001577,7
923,32239,140001335,7
924,32240,140001335,8
925,32241,140001335,8
926,32242,140001335,9
927,32243,140001334,9
928,32244,140001334,10
929,32245,140001334,10
930,32246,140001334,11
931,32247,140001334,11
932,32248,140001334,12
933,32249,140001334,12
934,32250,140004378,13
935,32251,140004363,13
936,32252,140004432,14
937,32253,140004429,14
938,32254,140004443,-1
939,32255,140003994,15
940,32256,140004006,16
941,32257,140003993,16
942,32258,140003993,17
943,32259,140003983,17
944,32260,140003979,18
945,32261,140001397,18
946,32262,140001397,19
947,32263,140001397,19
948,32587,140001401,4
949,32590,140001487,4
950,32591,140001487,4
951,32592,140001489,4
952,32593,140001492,4
953,32594,140001492,5
954,32595,140001492,5
955,32596,140001576,6
956,32597,140001577,6
957,32598,140001577,7
958,32599,140001335,7
959,32600,140001335,8
960,32601,140001335,8
961,32602,140001335,9
962,32603,140001334,9
963,32604,140001334,10
964,32605,140001334,10
965,32606,140001334,11
966,32607,140001334,11
967,32608,140001334,12
968,32609,140001334,12
969,32610,140001334,13
970,32611,140001334,13
971,32612,140004431,14
972,32613,140004429,14
973,32614,140004443,15
974,32615,140003994,15
975,32616,140003999,16
976,32617,140003983,16
977,32618,140003983,17
978,32619,140003983,17
979,32620,140003983,18
980,32621,140001397,18
981,32622,140001397,19
982,32623,140001395,19
983,32624,140001395,20
984,32948,140001485,3
985,32950,140001487,3
986,32951,140001802,3
987,32952,140001494,4
988,32953,140001492,4
989,32954,140001492,5
990,32955,140001492,5
991,32956,140001576,6
992,32957,140001619,6
993,32958,140001619,7
994,32959,140001619,7
995,32960,140001335,8
996,32961,140001335,8
997,32962,140001335,9
998,32963,140001334,9
999,32964,140001334,10
1000,32965,140001334,10
1001,32966,140001334,11
1002,32967,140001334,11
1003,32968,140001334,12
1004,32969,140001334,12
1005,32970,140001334,13
1006,32971,140001334,13
1007,32972,140001334,14
1008,32973,140004430,14
1009,32974,140004339,15
1010,32975,140004339,15
1011,32976,140003999,16
1012,32977,140004000,16
1013,32978,140003983,17
1014,32979,140003983,17
1015,32980,140003983,18
1016,32981,140001394,18
1017,32982,140001394,19
1018,32983,140001393,19
1019,32984,140001393,20
1020,32985,140001393,20
1021,32986,140001389,21
1022,33310,140001818,3
1023,33311,140001802,3
1024,33312,140001494,4
1025,33313,140001494,4
1026,33314,140001494,5
1027,33315,140001676,5
1028,33316,140001675,6
1029,33317,140001619,6
1030,33318,140001619,7
1031,33319,140001619,7
1032,33320,140001335,8
1033,33321,140001335,8
1034,33322,140001335,9
1035,33323,140001334,9
1036,33324,140001334,10
1037,33325,140001334,10
1038,33326,140001334,11
1039,33327,140001334,11
1040,33328,140001334,12
1041,33329,140001334,12
1042,33330,140001334,13
1043,33331,140001334,13
1044,33332,140001334,14
1045,33333,140004422,14
1046,33334,140004421,15
1047,33335,140004018,15
1048,33336,140004018,16
1049,33337,140004000,16
1050,33338,140004000,17
1051,33339,140003983,17
1052,33340,140004000,18
1053,33341,140001394,18
1054,33342,140001394,19
1055,33343,140001393,19
1056,33344,140001393,20
1057,33345,140001393,20
1058,33346,140001389,21
1059,33347,140001390,21
1060,33669,140001794,2
1061,33670,140004154,3
1062,33671,140004115,3
1063,33672,140004115,4
1064,33673,140004115,4
1065,33674,140004127,5
1066,33675,140004127,5
1067,33676,140001625,6
1068,33677,140001619,6
1069,33678,140001619,7
1070,33679,140001619,7
1071,33680,140001335,8
1072,33681,140001335,8
1073,33682,140001335,9
1074,33683,140001334,9
1075,33684,140001334,10
1076,33685,140001334,10
1077,33686,140001334,11
1078,33687,140001334,11
1079,33688,140001334,12
1080,33689,140001334,12
1081,33690,140001334,13
1082,33691,140001334,13
1083,33692,140004319,14
1084,33693,140004320,14
1085,33694,140004421,15
1086,33695,140004018,15
1087,33696,140004018,16
1088,33697,140004000,16
1089,33698,140001370,17
1090,33699,140001370,17
1091,33700,140001370,18
1092,33701,140001370,18
1093,33702,140001394,19
1094,33703,140001393,19
1095,33704,140001393,20
1096,33705,140001393,20
1097,33706,140001396,21
1098,33707,140001381,21
1099,33708,140001381,22
1100,34011,140001849,6
1101,34012,140001811,6
1102,34013,140001811,5
1103,34014,140004251,5
1104,34015,140004251,4
1105,34018,140001860,3
1106,34019,140001860,2
1107,34026,140004111,1
1108,34027,140004111,1
1109,34028,140004105,2
1110,34029,140004105,2
1111,34030,140004155,3
1112,34031,140004115,3
1113,34032,140004115,4
1114,34033,140004115,4
1115,34034,140004115,5
1116,34035,140001625,5
1117,34036,140001625,6
1118,34037,140001620,6
1119,34038,140001620,7
1120,34039,140001620,7
1121,34040,140001609,8
1122,34041,140001557,8
1123,34042,140001557,9
1124,34043,140001334,9
1125,34044,140001334,10
1126,34045,140001334,10
1127,34046,140001334,11
1128,34047,140001334,11
1129,34048,140001334,12
1130,34049,140001334,12
1131,34050,140001334,13
1132,34051,140001334,13
1133,34052,140001550,14
1134,34053,140001550,14
1135,34054,140004018,15
1136,34055,140003982,15
1137,34056,140001373,16
1138,34057,140001370,16
1139,34058,140001370,17
1140,34059,140001370,17
1141,34060,140001370,18
1142,34061,140001370,18
1143,34062,140001394,19
1144,34063,140001394,19
1145,34064,140001394,20
1146,34065,140001371,20
1147,34066,140001371,21
1148,34067,140001381,21
1149,34068,140001381,22
1150,34069,140001382,22
1151,34370,140001808,7
1152,34371,140001808,6
1153,34372,140001810,6
1154,34373,140001810,5
1155,34374,140004251,5
1156,34375,140004250,4
1157,34376,140004250,4
1158,34377,140001860,3
1159,34378,140001860,3
1160,34379,140001793,2
1161,34380,140001801,2
1162,34381,140001805,1
1163,34382,140001858,1
1164,34385,140004119,1
1165,34386,140004111,1
1166,34387,140004111,1
1167,34388,140004105,2
1168,34389,140004105,2
1169,34390,140004155,3
1170,34391,140004115,3
1171,34392,140004115,4
1172,34393,140004115,4
1173,34394,140004115,5
1174,34395,140001625,5
1175,34396,140001625,6
1176,34397,140001625,6
1177,34398,140001620,7
1178,34399,140001609,7
1179,34400,140001609,8
1180,34401,140001557,8
1181,34402,140001557,9
1182,34403,140001600,9
1183,34404,140001633,10
1184,34405,140001334,10
1185,34406,140001334,11
1186,34407,140001334,11
1187,34408,140001334,12
1188,34409,140001617,12
1189,34410,140001617,13
1190,34411,140001550,13
1191,34412,140001550,14
1192,34413,140001550,14
1193,34414,140001583,15
1194,34415,140001373,15
1195,34416,140001373,16
1196,34417,140001370,16
1197,34418,140001370,17
1198,34419,140001370,17
1199,34420,140001370,18
1200,34421,140001370,18
1201,34422,140001370,19
1202,34423,140001371,19
1203,34424,140001371,20
1204,34425,140001371,20
1205,34426,140001381,21
1206,34427,140001381,21
1207,34428,140001381,22
1208,34429,140001382,22
1209,34729,140001498,7
1210,34730,140001797,7
1211,34731,140001798,6
1212,34732,140001810,6
1213,34733,140001810,5
1214,34734,140004251,5
1215,34735,140004249,4
1216,34736,140004249,4
1217,34737,140001800,3
1218,34738,140001793,3
1219,34739,140001793,2
1220,34740,140001793,2
1221,34741,140001413,1
1222,34742,140001413,1
1223,34743,140004138,0
1224,34744,140004138,0
1225,34745,140004138,0
1226,34746,140004119,1
1227,34747,140004136,1
1228,34748,140004112,2
1229,34749,140004112,2
1230,34750,140004112,3
1231,34751,140004145,3
1232,34752,140004115,4
1233,34753,140004115,4
1234,34754,140004102,5
1235,34755,140001645,5
1236,34756,140001645,6
1237,34757,140001658,6
1238,34758,140001658,7
1239,34759,140001609,7
1240,34760,140001609,8
1241,34761,140001655,8
1242,34762,140001600,9
1243,34763,140001600,9
1244,34764,140001600,10
1245,34765,140001599,10
1246,34766,140001599,11
1247,34767,140001599,11
1248,34768,140001718,12
1249,34769,140001717,12
1250,34770,140001717,13
1251,34771,140001550,13
1252,34772,140001604,14
1253,34773,140001604,14
1254,34774,140001604,15
1255,34775,140001373,15
1256,34776,140001373,16
1257,34777,140001373,16
1258,34778,140001370,17
1259,34779,140001370,17
1260,34780,140001370,18
1261,34781,140001370,18
1262,34782,140001370,19
1263,34783,140001370,19
1264,34784,140001371,20
1265,34785,140001371,20
1266,34786,140001371,21
1267,34787,140001381,21
1268,34788,140001381,22
1269,34789,140001382,22
1270,34790,140001382,23
1271,35088,140001498,8
1272,35089,140001496,7
1273,35090,140001496,7
1274,35091,140001798,6
1275,35092,140001827,6
1276,35093,140004240,5
1277,35094,140004240,5
1278,35095,140004249,4
1279,35096,140004249,4
1280,35097,140001800,3
1281,35098,140001793,3
1282,35099,140001793,2
1283,35100,140001793,2
1284,35101,140001447,1
1285,35102,140001447,1
1286,35103,140004116,0
1287,35104,140004146,0
1288,35105,140004125,0
1289,35106,140004125,1
1290,35107,140004136,1
1291,35108,140004112,2
1292,35109,140004112,2
1293,35110,140004112,3
1294,35111,140004145,3
1295,35112,140004102,4
1296,35113,140004102,4
1297,35114,140004102,5
1298,35115,140004102,5
1299,35116,140004102,6
1300,35117,140001658,6
1301,35118,140001659,7
1302,35119,140001644,7
1303,35120,140001553,8
1304,35121,140001655,8
1305,35122,140001600,9
1306,35123,140001600,9
1307,35124,140001600,10
1308,35125,140001599,10
1309,35126,140001599,11
1310,35127,140001599,11
1311,35128,140001717,12
1312,35129,140001717,12
1313,35130,140001710,13
1314,35131,140001710,13
1315,35132,140001604,14
1316,35133,140001711,14
1317,35134,140001711,15
1318,35135,140001368,15
1319,35136,140001368,16
1320,35137,140001370,16
1321,35138,140001370,17
1322,35139,140001370,17
1323,35140,140001370,18
1324,35141,140001370,18
1325,35142,140001370,19
1326,35143,140001370,19
1327,35144,140001371,20
1328,35145,140001371,20
1329,35146,140001371,21
1330,35147,140001371,21
1331,35148,140001382,22
1332,35149,140001382,22
1333,35150,140001382,23
1334,35447,140001497,8
1335,35448,140001497,8
1336,35449,140001496,7
1337,35450,140001496,7
1338,35451,140001819,6
1339,35452,140003973,6
1340,35453,140003973,5
1341,35454,140004238,5
1342,35455,140004242,4
1343,35456,140004249,4
1344,35457,140004249,3
1345,35458,140001800,3
1346,35459,140001800,2
1347,35460,140001800,2
1348,35461,140001412,1
1349,35462,140001447,1
1350,35463,140004113,0
1351,35464,140004137,0
1352,35465,140004137,0
1353,35466,140004125,1
1354,35467,140004136,1
1355,35468,140004112,2
1356,35469,140004112,2
1357,35470,140004112,3
1358,35471,140004157,3
1359,35472,140004103,4
1360,35473,140004102,4
1361,35474,140004144,5
1362,35475,140004144,5
1363,35476,140004144,6
1364,35477,140001622,6
1365,35478,140001622,7
1366,35479,140001553,7
1367,35480,140001553,8
1368,35481,140001553,8
1369,35482,140001600,9
1370,35483,140001600,9
1371,35484,140001600,10
1372,35485,140001599,10
1373,35486,140001718,11
1374,35487,140001648,11
1375,35488,140001648,12
1376,35489,140001717,12
1377,35490,140001710,13
1378,35491,140001710,13
1379,35492,140001711,14
1380,35493,140001711,14
1381,35494,140001711,15
1382,35495,140001711,15
1383,35496,140001368,16
1384,35497,140001374,16
1385,35498,140001370,17
1386,35499,140001364,17
1387,35500,140001365,18
1388,35501,140001365,18
1389,35502,140001370,19
1390,35503,140001370,19
1391,35504,140001371,20
1392,35505,140001387,20
1393,35506,140001371,21
1394,35507,140001371,21
1395,35508,140001371,22
1396,35509,140001383,22
1397,35510,140001380,23
1398,35511,140001380,23
1399,35806,140003966,9
1400,35807,140001497,8
1401,35808,140001497,8
1402,35809,140001496,7
1403,35810,140001496,7
1404,35811,140003973,6
1405,35812,140003973,6
1406,35813,140003973,5
1407,35814,140004238,5
1408,35815,140004242,4
1409,35816,140004242,4
1410,35817,140001436,3
1411,35818,140001436,3
1412,35819,140001828,2
1413,35820,140001828,2
1414,35821,140001412,1
1415,35822,140001412,1
1416,35823,140004113,1
1417,35824,140004113,0
1418,35825,140004137,0
1419,35826,140004137,1
1420,35827,140004101,1
1421,35828,140004101,2
1422,35829,140004141,2
1423,35830,140004141,3
1424,35831,140004157,3
1425,35832,140004103,4
1426,35833,140004103,4
1427,35834,140004103,5
1428,35835,140004144,5
1429,35836,140001632,6
1430,35837,140001622,6
1431,35838,140001622,7
1432,35839,140001626,7
1433,35840,140001553,8
1434,35841,140001713,8
1435,35842,140001713,9
1436,35843,140001713,9
1437,35844,140001600,10
1438,35845,140001687,10
1439,35846,140001718,11
1440,35847,140001723,11
1441,35848,140001723,12
1442,35849,140004415,12
1443,35850,140004415,13
1444,35851,140001689,13
1445,35852,140001689,14
1446,35853,140001711,14
1447,35854,140001565,15
1448,35855,140001374,15
1449,35856,140001374,16
1450,35857,140001374,16
1451,35858,140001366,17
1452,35859,140001366,17
1453,35860,140001365,18
1454,35861,140001365,18
1455,35862,140001365,19
1456,35863,140001367,19
1457,35864,140001387,20
1458,35865,140001387,20
1459,35866,140001386,21
1460,35867,140001384,21
1461,35868,140001384,22
1462,35869,140001384,22
1463,35870,140001380,23
1464,35871,140001380,23
1465,36165,140001437,9
1466,36166,140001437,9
1467,36167,140003970,8
1468,36168,140003970,8
1469,36169,140003968,7
1470,36170,140003968,7
1471,36171,140003969,6
1472,36172,140004238,6
1473,36173,140004238,5
1474,36174,140004238,5
1475,36175,140001464,4
1476,36176,140001464,4
1477,36177,140001436,3
1478,36178,140001436,3
1479,36179,140001828,2
1480,36180,140001828,2
1481,36181,140001412,1
1482,36182,140001412,1
1483,36183,140004113,1
1484,36184,140004113,1
1485,36185,140004135,1
1486,36186,140004135,1
1487,36187,140004132,1
1488,36188,140004132,2
1489,36189,140004166,2
1490,36190,140004166,3
1491,36191,140004110,3
1492,36192,140004103,4
1493,36193,140004103,4
1494,36194,140004103,5
1495,36195,140004144,5
1496,36196,140004128,6
1497,36197,140001573,6
1498,36198,140001639,7
1499,36199,140001639,7
1500,36200,140001639,8
1501,36201,140001674,8
1502,36202,140001713,9
1503,36203,140001713,9
1504,36204,140001713,10
1505,36205,140001688,10
1506,36206,140001723,11
1507,36207,140001723,11
1508,36208,140001723,12
1509,36209,140004415,12
1510,36210,140001689,13
1511,36211,140001689,13
1512,36212,140001689,14
1513,36213,140001689,14
1514,36214,140001565,15
1515,36215,140001374,15
1516,36216,140001374,16
1517,36217,140001366,16
1518,36218,140001366,17
1519,36219,140001366,17
1520,36220,140001365,18
1521,36221,140001365,18
1522,36222,140001365,19
1523,36223,140001388,19
1524,36224,140001387,20
1525,36225,140001387,20
1526,36226,140001387,21
1527,36227,140001384,21
1528,36228,140001384,22
1529,36229,140001380,22
1530,36230,140001380,23
1531,36231,140001380,23
1532,36232,140001380,24
1533,36524,140001450,10
1534,36525,140001414,9
1535,36526,140001414,9
1536,36527,140001449,8
1537,36528,140003970,8
1538,36529,140001415,7
1539,36530,140001415,7
1540,36531,140003968,6
1541,36532,140001455,6
1542,36533,140001455,5
1543,36534,140001455,5
1544,36535,140001464,4
1545,36536,140001419,4
1546,36537,140001416,3
1547,36538,140001416,3
1548,36539,140001418,2
1549,36540,140001417,2
1550,36541,140001417,2
1551,36542,140001453,1
1552,36543,140001453,1
1553,36544,140004106,1
1554,36545,140004135,1
1555,36546,140004135,1
1556,36547,140004132,1
1557,36548,140004132,2
1558,36549,140004110,2
1559,36550,140004110,3
1560,36551,140004110,3
1561,36552,140004110,4
1562,36553,140004159,4
1563,36554,140004114,5
1564,36555,140004114,5
1565,36556,140004128,6
1566,36557,140001573,6
1567,36558,140001573,7
1568,36559,140001674,7
1569,36560,140001681,8
1570,36561,140001681,8
1571,36562,140001681,9
1572,36563,140001713,9
1573,36564,140001688,10
1574,36565,140001688,10
1575,36566,140001723,11
1576,36567,140001723,11
1577,36568,140001723,12
1578,36569,140004415,12
1579,36570,140001689,13
1580,36571,140001689,13
1581,36572,140001689,14
1582,36573,140001689,14
1583,36574,140001565,15
1584,36575,140001374,15
1585,36576,140001366,16
1586,36577,140001366,16
1587,36578,140001366,17
1588,36579,140001366,17
1589,36580,140001365,18
1590,36581,140001365,18
1591,36582,140001365,19
1592,36583,140001746,20
1593,36584,140001746,22
1594,36588,140001384,22
1595,36589,140001380,22
1596,36590,140001380,23
1597,36591,140001380,23
1598,36592,140001380,24
1599,36884,140001848,10
1600,36885,140001848,9
1601,36886,140001414,9
1602,36887,140001449,8
1603,36888,140001815,8
1604,36889,140001415,7
1605,36890,140001415,7
1606,36891,140001415,6
1607,36892,140001415,6
1608,36893,140001455,5
1609,36894,140001455,5
1610,36895,140001455,4
1611,36896,140001419,4
1612,36897,140001416,3
1613,36898,140001410,3
1614,36899,140001410,2
1615,36900,140001417,2
1616,36901,140001456,2
1617,36902,140001453,2
1618,36903,140001453,2
1619,36904,140004106,2
1620,36905,140004135,2
1621,36906,140004153,2
1622,36907,140004153,2
1623,36908,140004133,2
1624,36909,140004131,2
1625,36910,140004131,3
1626,36911,140004110,3
1627,36912,140004159,4
1628,36913,140004159,4
1629,36914,140004114,5
1630,36915,140001615,5
1631,36916,140001615,6
1632,36917,140001558,6
1633,36918,140001558,7
1634,36919,140001558,7
1635,36920,140001558,8
1636,36921,140001558,8
1637,36922,140001724,9
1638,36923,140001719,9
1639,36924,140001688,10
1640,36925,140001688,10
1641,36926,140001723,11
1642,36927,140001723,11
1643,36928,140004415,12
1644,36929,140004415,12
1645,36930,140001650,13
1646,36931,140001650,13
1647,36932,140001650,14
1648,36933,140001689,14
1649,36934,140001565,15
1650,36935,140001590,15
1651,36936,140001590,16
1652,36937,140001590,16
1653,36938,140001366,17
1654,36939,140001366,17
1655,36940,140001365,18
1656,36941,140001365,18
1657,36942,140001363,19
1658,36943,140001363,20
1659,36944,140001363,20
1660,36945,140003593,20
1661,36946,140003593,21
1662,36953,140003593,24
1663,36954,140003593,-1
1664,36955,140003593,-1
1665,37244,140001477,10
1666,37245,140001477,9
1667,37246,140001813,9
1668,37247,140001473,8
1669,37248,140001415,8
1670,37249,140001415,7
1671,37250,140001415,7
1672,37251,140001415,6
1673,37252,140001415,6
1674,37253,140001422,5
1675,37254,140001422,5
1676,37255,140001423,4
1677,37256,140001423,4
1678,37257,140001470,3
1679,37258,140001410,3
1680,37259,140001410,3
1681,37260,140001411,2
1682,37261,140001456,2
1683,37262,140001456,2
1684,37263,140004122,2
1685,37264,140004122,2
1686,37265,140004135,2
1687,37266,140004153,2
1688,37267,140004153,2
1689,37268,140004134,2
1690,37269,140004134,2
1691,37270,140004159,3
1692,37271,140004131,3
1693,37272,140004159,4
1694,37273,140004159,4
1695,37274,140001615,5
1696,37275,140001615,5
1697,37276,140001615,6
1698,37277,140001551,6
1699,37278,140001558,7
1700,37279,140001558,7
1701,37280,140001558,8
1702,37281,140001558,8
1703,37282,140001724,9
1704,37283,140001719,9
1705,37284,140001719,10
1706,37285,140001688,10
1707,37286,140001649,11
1708,37287,140001649,11
1709,37288,140004415,12
1710,37289,140001650,12
1711,37290,140001650,13
1712,37291,140001650,13
1713,37292,140001650,14
1714,37293,140001585,14
1715,37294,140001590,15
1716,37295,140001590,15
1717,37296,140001590,16
1718,37297,140001590,16
1719,37298,140001366,17
1720,37299,140001366,17
1721,37300,140001365,18
1722,37301,140001363,18
1723,37302,140001363,22
1724,37303,140001363,19
1725,37304,140003592,20
1726,37305,140003594,20
1727,37306,140003574,21
1728,37307,140003574,21
1729,37308,140003574,22
1730,37309,140003590,22
1731,37603,140001803,10
1732,37604,140001804,10
1733,37605,140001813,9
1734,37606,140001813,9
1735,37607,140001824,8
1736,37608,140001824,8
1737,37609,140001415,7
1738,37610,140001415,7
1739,37611,140001415,6
1740,37612,140001415,6
1741,37613,140001422,5
1742,37614,140001422,5
1743,37615,140001423,4
1744,37616,140001423,4
1745,37617,140001423,3
1746,37618,140001411,3
1747,37619,140001411,3
1748,37620,140001411,3
1749,37621,140001407,3
1750,37622,140001407,3
1751,37623,140004158,3
1752,37624,140004122,3
1753,37625,140004122,3
1754,37626,140004156,3
1755,37627,140004139,3
1756,37628,140004139,3
1757,37629,140004139,3
1758,37630,140004161,3
1759,37631,140004161,3
1760,37632,140004161,4
1761,37633,140004161,4
1762,37634,140001615,5
1763,37635,140001615,5
1764,37636,140001607,6
1765,37637,140001607,6
1766,37638,140001558,7
1767,37639,140001558,7
1768,37640,140001558,8
1769,37641,140001558,8
1770,37642,140001716,9
1771,37643,140001649,9
1772,37644,140001649,10
1773,37645,140001649,10
1774,37646,140001649,11
1775,37647,140001649,11
1776,37648,140001650,12
1777,37649,140001650,12
1778,37650,140001650,13
1779,37651,140001650,13
1780,37652,140001650,14
1781,37653,140001585,14
1782,37654,140001590,15
1783,37655,140001590,15
1784,37656,140001590,16
1785,37657,140001590,16
1786,37658,140001360,17
1787,37659,140001360,17
1788,37660,140001365,18
1789,37661,140001363,18
1790,37662,140001363,19
1791,37663,140003592,19
1792,37664,140003586,20
1793,37665,140003585,20
1794,37666,140003585,21
1795,37667,140003574,21
1796,37668,140003574,22
1797,37669,140003581,22
1798,37670,140003581,23
1799,37671,140003581,23
1800,37963,140001854,10
1801,37964,140001804,10
1802,37965,140001804,9
1803,37966,140001820,9
1804,37967,140001824,8
1805,37968,140001824,8
1806,37969,140001415,7
1807,37970,140001415,7
1808,37971,140001415,6
1809,37972,140001415,6
1810,37973,140001405,5
1811,37974,140001405,5
1812,37975,140001469,4
1813,37976,140001469,4
1814,37977,140001469,4
1815,37978,140001469,3
1816,37979,140001469,3
1817,37980,140001469,3
1818,37981,140001407,3
1819,37982,140001407,3
1820,37983,140001407,3
1821,37984,140001407,3
1822,37985,140004156,3
1823,37986,140004156,3
1824,37987,140004139,3
1825,37988,140004139,3
1826,37989,140004161,3
1827,37990,140004161,3
1828,37991,140004161,3
1829,37992,140004161,4
1830,37993,140004161,5
1831,37994,140004120,6
1832,37995,140004120,5
1833,37996,140001607,6
1834,37997,140001607,6
1835,37998,140001566,7
1836,37999,140001566,7
1837,38000,140001566,8
1838,38001,140001566,8
1839,38002,140001588,9
1840,38003,140001588,9
1841,38004,140003964,10
1842,38005,140003964,10
1843,38006,140001649,11
1844,38007,140001650,11
1845,38008,140001650,12
1846,38009,140001650,12
1847,38010,140001650,13
1848,38011,140001650,13
1849,38012,140001610,15
1850,38013,140001585,14
1851,38014,140001590,15
1852,38015,140001590,15
1853,38016,140001590,16
1854,38017,140001590,16
1855,38018,140001358,17
1856,38019,140001361,17
1857,38020,140001361,18
1858,38021,140001363,18
1859,38023,140003592,19
1860,38024,140003579,20
1861,38025,140003585,20
1862,38026,140003585,21
1863,38027,140003585,-1
1864,38028,140003581,22
1865,38029,140003581,22
1866,38030,140003581,23
1867,38031,140003578,23
1868,38032,140003578,24
1869,38033,140003578,24
1870,38324,140001820,10
1871,38325,140001820,9
1872,38326,140001404,9
1873,38327,140001404,8
1874,38328,140001404,8
1875,38329,140001431,7
1876,38330,140001402,7
1877,38331,140001402,6
1878,38332,140001402,6
1879,38333,140001405,5
1880,38334,140001405,5
1881,38335,140001469,4
1882,38336,140001469,4
1883,38337,140001469,4
1884,38338,140001469,4
1885,38339,140001469,4
1886,38340,140001469,4
1887,38341,140001407,4
1888,38342,140001407,4
1889,38343,140001407,4
1890,38344,140001407,4
1891,38345,140001407,4
1892,38346,140004156,4
1893,38347,140004156,4
1894,38348,140004104,4
1895,38349,140004104,6
1896,38350,140004161,7
1897,38351,140004161,7
1898,38352,140004161,7
1899,38353,140004120,8
1900,38354,140004120,8
1901,38355,140004120,-1
1902,38356,140001566,8
1903,38357,140001566,-1
1904,38358,140001566,-1
1905,38359,140001566,8
1906,38360,140001566,8
1907,38361,140001566,8
1908,38362,140001588,9
1909,38363,140001588,9
1910,38364,140001588,10
1911,38365,140001649,10
1912,38366,140001649,20
1913,38367,140001650,15
1914,38368,140001651,13
1915,38369,140001651,20
1916,38370,140001651,20
1917,38371,140001651,19
1918,38372,140001610,15
1919,38373,140001610,15
1920,38374,140001610,15
1921,38375,140001608,19
1922,38376,140001608,16
1923,38377,140001608,16
1924,38378,140001608,18
1925,38379,140001358,17
1926,38380,140001362,18
1927,38381,140001362,18
1928,38382,140002503,19
1929,38383,140002503,19
1930,38384,140002503,20
1931,38385,140003585,20
1932,38386,140003585,21
1933,38387,140002536,-1
1934,38388,140002536,22
1935,38389,140003581,22
1936,38390,140003581,23
1937,38391,140003578,23
1938,38392,140003578,24
1939,38393,140002572,24
1940,38394,140002572,-1
1941,38395,140002572,-1
1942,38684,140001409,10
1943,38685,140001409,9
1944,38686,140001404,9
1945,38687,140001404,8
1946,38688,140001404,8
1947,38689,140001402,7
1948,38690,140001402,7
1949,38691,140001402,6
1950,38692,140001402,6
1951,38693,140001405,5
1952,38694,140001405,5
1953,38695,140001469,5
1954,38696,140001469,4
1955,38697,140001469,4
1956,38698,140001469,4
1957,38699,140001469,4
1958,38700,140001469,4
1959,38701,140001398,4
1960,38702,140001398,4
1961,38703,140001407,4
1962,38704,140001407,4
1963,38705,140001407,4
1964,38706,140004156,4
1965,38707,140004104,4
1966,38708,140004104,4
1967,38709,140004104,4
1968,38710,140004104,8
1969,38711,140004161,-1
1970,38712,140004161,-1
1971,38713,140004120,-1
1972,38714,140004120,-1
1973,38715,140004120,-1
1974,38716,140001566,-1
1975,38717,140001566,-1
1976,38718,140001566,-1
1977,38719,140001566,-1
1978,38720,140001566,-1
1979,38721,140001566,-1
1980,38722,140001588,9
1981,38723,140001588,9
1982,38724,140001588,10
1983,38725,140001649,-1
1984,38726,140001649,-1
1985,38727,140001649,-1
1986,38728,140001651,-1
1987,38729,140001651,-1
1988,38730,140001651,-1
1989,38731,140001651,18
1990,38732,140001651,-1
1991,38733,140001651,-1
1992,38734,140001647,15
1993,38735,140001669,15
1994,38736,140001608,20
1995,38737,140001608,16
1996,38738,140001608,-1
1997,38739,140001358,17
1998,38740,140001362,18
1999,38742,140002503,19
2000,38743,140002399,19
2001,38744,140002399,20
2002,38745,140002536,20
2003,38746,140002536,-1
2004,38747,140002536,-1
2005,38748,140002536,-1
2006,38749,140003581,23
2007,38750,140003581,23
2008,38751,140003578,-1
2009,38752,140003578,24
2010,38753,140002572,24
2011,38754,140002572,-1
2012,38755,140002572,-1
2013,38756,140002572,-1
2014,38757,140002434,-1
2015,39044,140001409,10
2016,39045,140001409,9
2017,39046,140001460,9
2018,39047,140001404,8
2019,39048,140001404,8
2020,39049,140001431,7
2021,39050,140001431,7
2022,39051,140001482,8
2023,39052,140001405,8
2024,39053,140001405,8
2025,39054,140001405,8
2026,39055,140001469,-1
2027,39056,140001469,-1
2028,39057,140001469,8
2029,39058,140001469,5
2030,39059,140001469,8
2031,39060,140001469,9
2032,39061,140001398,8
2033,39062,140001398,7
2034,39063,140001398,8
2035,39064,140001398,9
2036,39065,140001398,9
2037,39066,140004104,9
2038,39067,140004104,8
2039,39068,140004104,7
2040,39069,140004104,7
2041,39070,140004104,7
2042,39071,140004104,10
2043,39072,140004104,-1
2044,39073,140004104,-1
2045,39074,140004120,-1
2046,39075,140004120,-1
2047,39076,140004120,-1
2048,39077,140001566,-1
2049,39078,140001566,-1
2050,39079,140001566,-1
2051,39080,140001566,-1
2052,39081,140001566,-1
2053,39082,140001588,-1
2054,39083,140001588,-1
2055,39084,140001588,-1
2056,39085,140001649,-1
2057,39086,140001649,-1
2058,39087,140001649,-1
2059,39088,140001651,-1
2060,39089,140001651,-1
2061,39090,140001651,-1
2062,39091,140001651,-1
2063,39092,140001651,16
2064,39093,140001651,16
2065,39094,140001669,-1
2066,39095,140001669,16
2067,39096,140001669,-1
2068,39097,140001669,-1
2069,39098,140001669,-1
2070,39099,140001362,17
2071,39102,140002399,19
2072,39103,140002399,19
2073,39104,140002399,20
2074,39105,140002399,-1
2075,39106,140002536,-1
2076,39107,140002536,-1
2077,39108,140002536,-1
2078,39109,140003581,23
2079,39110,140003581,23
2080,39111,140003581,-1
2081,39112,140002572,-1
2082,39113,140002572,-1
2083,39114,140002572,-1
2084,39115,140002572,-1
2085,39116,140002434,-1
2086,39117,140002434,-1
2087,39118,140002434,-1
2088,39404,140001403,10
2089,39405,140001403,9
2090,39406,140001403,14
2091,39407,140001408,9
2092,39408,140001408,9
2093,39409,140001408,8
2094,39410,140001408,8
2095,39411,140001408,8
2096,39412,140001405,-1
2097,39413,140001405,-1
2098,39414,140001469,-1
2099,39415,140001469,-1
2100,39416,140001469,-1
2101,39417,140001469,-1
2102,39418,140001469,-1
2103,39419,140001469,-1
2104,39420,140001469,-1
2105,39421,140001398,-1
2106,39422,140001398,8
2107,39423,140001398,8
2108,39424,140001398,-1
2109,39425,140001398,-1
2110,39426,140001694,-1
2111,39427,140001694,-1
2112,39428,140004104,-1
2113,39429,140004104,7
2114,39430,140004104,8
2115,39431,140004104,-1
2116,39432,140004104,-1
2117,39433,140004104,-1
2118,39434,140004104,-1
2119,39435,140004104,-1
2120,39436,140004104,-1
2121,39437,140001566,-1
2122,39438,140001566,-1
2123,39439,140001566,-1
2124,39440,140001566,-1
2125,39441,140001566,-1
2126,39442,140001588,-1
2127,39443,140001588,-1
2128,39444,140001528,-1
2129,39445,140001651,-1
2130,39446,140001651,-1
2131,39447,140001651,-1
2132,39448,140001651,-1
2133,39449,140001651,-1
2134,39450,140001651,-1
2135,39451,140001651,17
2136,39452,140001651,24
2137,39453,140001651,16
2138,39454,140001669,-1
2139,39455,140001669,-1
2140,39456,140001669,-1
2141,39457,140001669,24
2142,39458,140001669,17
2143,39461,140002413,18
2144,39462,140002399,19
2145,39463,140002399,19
2146,39464,140002399,-1
2147,39465,140002399,-1
2148,39466,140002441,-1
2149,39467,140002441,-1
2150,39468,140002441,-1
2151,39469,140002447,-1
2152,39470,140002447,-1
2153,39471,140002447,-1
2154,39472,140003581,24
2155,39473,140002572,-1
2156,39474,140002572,-1
2157,39475,140002434,-1
2158,39476,140002434,-1
2159,39477,140002434,-1
2160,39478,140002434,-1
2161,39763,140001483,10
2162,39764,140001483,10
2163,39765,140001403,9
2164,39766,140001403,-1
2165,39767,140001408,-1
2166,39768,140001408,-1
2167,39769,140001408,-1
2168,39770,140001408,-1
2169,39771,140001408,-1
2170,39772,140001408,-1
2171,39773,140001405,-1
2172,39774,140001469,-1
2173,39775,140001469,-1
2174,39776,140001469,-1
2175,39777,140001469,-1
2176,39778,140001469,-1
2177,39779,140001469,-1
2178,39780,140001469,-1
2179,39781,140001398,-1
2180,39782,140001398,8
2181,39783,140001398,8
2182,39784,140001511,9
2183,39785,140001694,-1
2184,39786,140001694,-1
2185,39787,140001694,-1
2186,39788,140001694,-1
2187,39789,140004104,8
2188,39790,140004104,-1
2189,39791,140004104,-1
2190,39792,140004104,-1
2191,39793,140004104,13
2192,39794,140004104,-1
2193,39795,140004104,-1
2194,39796,140004104,-1
2195,39797,140001703,-1
2196,39798,140001566,-1
2197,39799,140001566,-1
2198,39800,140001566,-1
2199,39801,140001566,-1
2200,39802,140001528,-1
2201,39803,140001528,-1
2202,39804,140001528,-1
2203,39805,140001651,-1
2204,39806,140001651,-1
2205,39807,140001651,-1
2206,39808,140001651,-1
2207,39809,140001651,-1
2208,39810,140001651,-1
2209,39811,140001651,17
2210,39812,140001651,-1
2211,39813,140001651,-1
2212,39814,140001669,-1
2213,39815,140001669,-1
2214,39816,140001669,-1
2215,39817,140001669,-1
2216,39818,140001669,18
2217,39820,140002524,18
2218,39821,140002413,18
2219,39822,140002399,19
2220,39823,140002399,21
2221,39824,140002399,-1
2222,39825,140002399,-1
2223,39826,140002441,21
2224,39827,140002441,22
2225,39828,140002441,-1
2226,39829,140002447,-1
2227,39830,140002447,-1
2228,39831,140002447,-1
2229,39832,140002447,-1
2230,39833,140002447,-1
2231,39834,140002447,-1
2232,39835,140002434,-1
2233,39836,140002434,-1
2234,39837,140002434,-1
2235,39838,140002401,-1
2236,39839,140002434,-1
2237,40123,140001483,10
2238,40124,140001483,10
2239,40125,140001403,-1
2240,40126,140001403,-1
2241,40127,140001408,-1
2242,40128,140001408,-1
2243,40129,140001408,-1
2244,40130,140001408,-1
2245,40131,140001408,-1
2246,40132,140001408,-1
2247,40133,140001405,-1
2248,40134,140001469,-1
2249,40135,140001469,-1
2250,40136,140001469,-1
2251,40137,140001469,-1
2252,40138,140001469,-1
2253,40139,140001469,-1
2254,40140,140001469,-1
2255,40141,140001398,-1
2256,40142,140001398,-1
2257,40143,140001511,11
2258,40144,140001511,-1
2259,40145,140001694,-1
2260,40146,140001694,-1
2261,40147,140001694,-1
2262,40148,140001694,-1
2263,40149,140001694,-1
2264,40150,140001694,-1
2265,40151,140004104,-1
2266,40152,140004104,-1
2267,40153,140004104,-1
2268,40154,140004104,-1
2269,40155,140004104,-1
2270,40156,140004104,-1
2271,40157,140001703,-1
2272,40158,140001703,-1
2273,40159,140001566,-1
2274,40160,140001528,-1
2275,40161,140001528,-1
2276,40162,140001528,-1
2277,40163,140001528,-1
2278,40164,140001528,-1
2279,40165,140001651,-1
2280,40166,140001651,-1
2281,40167,140001651,-1
2282,40168,140001651,-1
2283,40169,140001651,-1
2284,40170,140001651,-1
2285,40171,140001651,-1
2286,40172,140001651,-1
2287,40173,140001651,-1
2288,40174,140001669,-1
2289,40175,140001514,-1
2290,40176,140001514,24
2291,40177,140001514,-1
2292,40178,140001669,18
2293,40179,140002524,18
2294,40180,140002524,18
2295,40181,140002524,19
2296,40182,140002524,19
2297,40183,140002524,-1
2298,40184,140002441,-1
2299,40185,140002441,-1
2300,40186,140002441,22
2301,40187,140002441,-1
2302,40188,140002441,-1
2303,40189,140002441,-1
2304,40190,140002447,-1
2305,40191,140002447,-1
2306,40192,140002447,-1
2307,40193,140002447,-1
2308,40194,140002447,-1
2309,40195,140002447,-1
2310,40196,140002434,-1
2311,40197,140002401,-1
2312,40198,140002401,-1
2313,40199,140002577,-1
2314,40200,140002577,-1
2315,40484,140001657,10
2316,40485,140001657,-1
2317,40486,140001657,-1
2318,40487,140001444,-1
2319,40488,140001444,12
2320,40489,140001444,-1
2321,40490,140001408,-1
2322,40491,140001408,-1
2323,40492,140001408,-1
2324,40493,140001408,-1
2325,40494,140001469,-1
2326,40495,140001469,-1
2327,40496,140001469,-1
2328,40497,140001469,-1
2329,40498,140001469,-1
2330,40499,140001469,-1
2331,40500,140001469,-1
2332,40501,140001511,-1
2333,40502,140001511,-1
2334,40503,140001511,-1
2335,40504,140001694,-1
2336,40505,140001694,-1
2337,40506,140001694,-1
2338,40507,140001694,-1
2339,40508,140001694,-1
2340,40509,140001694,-1
2341,40510,140001694,-1
2342,40511,140001694,-1
2343,40512,140001694,-1
2344,40513,140004104,-1
2345,40514,140001640,-1
2346,40515,140001640,-1
2347,40516,140004104,-1
2348,40517,140001640,-1
2349,40518,140001640,-1
2350,40519,140001528,-1
2351,40520,140001528,-1
2352,40521,140001528,-1
2353,40522,140001528,-1
2354,40523,140001528,-1
2355,40524,140001528,-1
2356,40525,140001539,-1
2357,40526,140001651,-1
2358,40527,140001651,-1
2359,40528,140001651,-1
2360,40529,140001651,-1
2361,40530,140001651,-1
2362,40531,140001651,-1
2363,40532,140001651,-1
2364,40533,140001651,-1
2365,40534,140001647,-1
2366,40535,140001514,23
2367,40536,140001514,23
2368,40537,140001514,24
2369,40539,140002524,19
2370,40540,140002428,19
2371,40541,140002428,22
2372,40542,140002428,-1
2373,40543,140002441,-1
2374,40544,140002441,-1
2375,40545,140002441,-1
2376,40546,140002441,-1
2377,40547,140002441,-1
2378,40548,140002441,-1
2379,40549,140002441,-1
2380,40550,140002447,-1
2381,40551,140002447,-1
2382,40552,140002447,-1
2383,40553,140002400,-1
2384,40554,140002400,-1
2385,40555,140002400,-1
2386,40556,140002400,-1
2387,40557,140002401,-1
2388,40558,140002401,-1
2389,40559,140002401,-1
2390,40560,140002529,-1
2391,40844,140001657,11
2392,40845,140001657,11
2393,40846,140001657,12
2394,40847,140001444,-1
2395,40848,140001444,13
2396,40849,140001444,-1
2397,40850,140001444,-1
2398,40851,140001444,-1
2399,40852,140001408,-1
2400,40853,140001408,-1
2401,40854,140001469,-1
2402,40855,140001469,-1
2403,40856,140001469,-1
2404,40857,140001469,-1
2405,40858,140001469,-1
2406,40859,140001469,-1
2407,40860,140001511,-1
2408,40861,140001511,-1
2409,40862,140001511,-1
2410,40863,140001694,-1
2411,40864,140001694,-1
2412,40865,140001694,-1
2413,40866,140001694,-1
2414,40867,140001694,-1
2415,40868,140001694,-1
2416,40869,140001694,-1
2417,40870,140001694,-1
2418,40871,140001694,-1
2419,40872,140001694,-1
2420,40873,140001640,-1
2421,40874,140001640,-1
2422,40875,140001640,-1
2423,40876,140001640,-1
2424,40877,140001640,-1
2425,40878,140001640,-1
2426,40879,140001528,-1
2427,40880,140001528,-1
2428,40881,140001528,-1
2429,40882,140001528,-1
2430,40883,140001528,-1
2431,40884,140001528,-1
2432,40885,140001539,-1
2433,40886,140001539,-1
2434,40887,140001539,-1
2435,40888,140001539,-1
2436,40889,140001539,24
2437,40890,140001539,24
2438,40891,140001539,23
2439,40892,140001539,-1
2440,40893,140001515,-1
2441,40894,140001515,-1
2442,40895,140001515,-1
2443,40896,140001514,-1
2444,40899,140002428,19
2445,40900,140002428,19
2446,40901,140002428,23
2447,40902,140002428,-1
2448,40903,140002441,-1
2449,40904,140002441,-1
2450,40905,140002441,-1
2451,40906,140002441,-1
2452,40907,140002441,-1
2453,40908,140002441,-1
2454,40909,140002441,-1
2455,40910,140002447,-1
2456,40911,140002447,-1
2457,40912,140002400,-1
2458,40913,140002400,-1
2459,40914,140002400,-1
2460,40915,140002400,-1
2461,40916,140002400,-1
2462,40917,140002401,-1
2463,40918,140002401,-1
2464,40919,140002401,-1
2465,40920,140002529,-1
2466,41205,140001657,11
2467,41206,140001614,11
2468,41207,140001614,12
2469,41208,140001444,12
2470,41209,140001444,-1
2471,41210,140001444,-1
2472,41211,140001444,-1
2473,41212,140001444,-1
2474,41213,140001444,-1
2475,41214,140001469,-1
2476,41215,140001469,-1
2477,41216,140001469,-1
2478,41217,140001469,-1
2479,41218,140001511,-1
2480,41219,140001511,-1
2481,41220,140001511,-1
2482,41221,140001511,-1
2483,41222,140001511,-1
2484,41223,140001694,-1
2485,41224,140001694,23
2486,41225,140001694,-1
2487,41226,140001694,-1
2488,41227,140001694,-1
2489,41228,140001694,-1
2490,41229,140001694,-1
2491,41230,140001601,-1
2492,41231,140001593,-1
2493,41232,140001593,-1
2494,41233,140001640,-1
2495,41234,140001640,-1
2496,41235,140001640,-1
2497,41236,140001640,-1
2498,41237,140001640,-1
2499,41238,140001640,-1
2500,41239,140001528,-1
2501,41240,140001528,-1
2502,41241,140001528,-1
2503,41242,140001528,-1
2504,41243,140001528,-1
2505,41244,140001528,-1
2506,41245,140001539,-1
2507,41246,140001539,-1
2508,41247,140001539,-1
2509,41248,140001539,-1
2510,41249,140001539,-1
2511,41250,140001539,-1
2512,41251,140001539,-1
2513,41252,140001539,-1
2514,41253,140001515,-1
2515,41254,140001515,22
2516,41255,140001515,-1
2517,41256,140001515,21
2518,41258,140002428,20
2519,41259,140002428,20
2520,41260,140002428,23
2521,41261,140002428,24
2522,41262,140002428,-1
2523,41263,140002428,-1
2524,41264,140002432,-1
2525,41265,140002441,-1
2526,41266,140002441,-1
2527,41267,140002441,-1
2528,41268,140002441,-1
2529,41269,140002441,-1
2530,41270,140002447,-1
2531,41271,140002440,-1
2532,41272,140002400,-1
2533,41273,140002400,-1
2534,41274,140002400,-1
2535,41275,140002400,-1
2536,41276,140002397,-1
2537,41277,140002397,-1
2538,41278,140002416,-1
2539,41566,140001614,12
2540,41567,140001614,-1
2541,41568,140001444,12
2542,41569,140001444,-1
2543,41570,140001444,-1
2544,41571,140001444,-1
2545,41572,140001444,-1
2546,41573,140001444,-1
2547,41574,140001444,-1
2548,41575,140001444,-1
2549,41576,140001444,-1
2550,41577,140001511,-1
2551,41578,140001511,-1
2552,41579,140001511,-1
2553,41580,140001511,-1
2554,41581,140001511,-1
2555,41582,140001511,-1
2556,41583,140001694,-1
2557,41584,140001694,-1
2558,41585,140001694,24
2559,41586,140001694,-1
2560,41587,140001694,-1
2561,41588,140001694,-1
2562,41589,140001601,24
2563,41590,140001593,24
2564,41591,140001593,-1
2565,41592,140001593,-1
2566,41593,140001714,-1
2567,41594,140001714,-1
2568,41595,140001640,-1
2569,41596,140001640,-1
2570,41597,140001640,-1
2571,41598,140001640,-1
2572,41599,140001528,-1
2573,41600,140001528,-1
2574,41601,140001528,-1
2575,41602,140001528,-1
2576,41603,140001528,-1
2577,41604,140001528,-1
2578,41605,140001539,-1
2579,41606,140001539,-1
2580,41607,140001539,-1
2581,41608,140001539,-1
2582,41609,140001539,-1
2583,41610,140001539,24
2584,41611,140001539,-1
2585,41612,140001539,-1
2586,41613,140001712,22
2587,41614,140001515,22
2588,41615,140001515,-1
2589,41617,140002557,20
2590,41618,140002428,20
2591,41619,140002428,-1
2592,41620,140002428,-1
2593,41621,140002428,-1
2594,41622,140002428,-1
2595,41623,140002432,-1
2596,41624,140002432,-1
2597,41625,140002432,-1
2598,41626,140002441,-1
2599,41627,140002441,-1
2600,41628,140002441,-1
2601,41629,140002447,-1
2602,41630,140002447,-1
2603,41631,140002426,-1
2604,41632,140002402,-1
2605,41636,140002397,-1
2606,41637,140002397,-1
2607,41638,140002393,-1
2608,41639,140002393,-1
2609,41640,140002393,-1
2610,41641,140002363,-1
2611,41926,140001614,12
2612,41927,140001614,12
2613,41928,140001596,17
2614,41929,140001596,-1
2615,41930,140001596,-1
2616,41931,140001596,-1
2617,41932,140001444,-1
2618,41933,140001444,-1
2619,41934,140001444,-1
2620,41935,140001704,-1
2621,41936,140001511,-1
2622,41937,140001511,-1
2623,41938,140001511,-1
2624,41939,140001511,-1
2625,41940,140001511,-1
2626,41941,140001511,-1
2627,41942,140001511,-1
2628,41943,140001694,-1
2629,41944,140001694,-1
2630,41945,140001694,23
2631,41946,140001694,22
2632,41947,140001694,24
2633,41948,140001694,23
2634,41949,140001601,24
2635,41950,140001593,24
2636,41951,140001593,-1
2637,41952,140001715,-1
2638,41953,140001715,-1
2639,41954,140001714,-1
2640,41955,140001714,-1
2641,41956,140001526,-1
2642,41957,140001526,-1
2643,41958,140001526,-1
2644,41959,140001540,-1
2645,41960,140001540,-1
2646,41961,140001540,-1
2647,41962,140001540,-1
2648,41963,140001540,-1
2649,41964,140001540,-1
2650,41965,140001539,-1
2651,41966,140001539,-1
2652,41967,140001539,-1
2653,41968,140001539,-1
2654,41969,140001539,-1
2655,41970,140001539,24
2656,41971,140001539,-1
2657,41972,140001548,-1
2658,41973,140001665,22
2659,41974,140001515,22
2660,41975,140001515,21
2661,41976,140002557,21
2662,41977,140002428,21
2663,41978,140002428,21
2664,41979,140002428,-1
2665,41980,140002428,-1
2666,41981,140002487,-1
2667,41982,140002487,-1
2668,41983,140002432,-1
2669,41984,140002432,-1
2670,41985,140002432,-1
2671,41986,140002441,-1
2672,41987,140002441,-1
2673,41988,140002441,-1
2674,41989,140002447,-1
2675,41990,140002447,-1
2676,41991,140002526,-1
2677,41992,140002523,-1
2678,41994,140002393,-1
2679,41995,140002393,-1
2680,41996,140002393,-1
2681,41997,140002393,-1
2682,41998,140002304,-1
2683,41999,140002304,-1
2684,42000,140002363,-1
2685,42001,140002363,-1
2686,42282,140000182,14
2687,42283,140000182,14
2688,42284,140000182,13
2689,42285,140000182,13
2690,42287,140001614,13
2691,42288,140001596,13
2692,42289,140001596,23
2693,42290,140001596,-1
2694,42291,140001596,-1
2695,42292,140001444,17
2696,42293,140001704,-1
2697,42294,140001704,-1
2698,42295,140001704,-1
2699,42296,140001704,-1
2700,42297,140001511,-1
2701,42298,140001511,-1
2702,42299,140001511,-1
2703,42300,140001511,-1
2704,42301,140001511,20
2705,42302,140001511,20
2706,42303,140001694,20
2707,42304,140001694,-1
2708,42305,140001694,-1
2709,42306,140001694,-1
2710,42307,140001694,-1
2711,42308,140001601,-1
2712,42309,140001601,-1
2713,42310,140001715,-1
2714,42311,140001715,-1
2715,42312,140001715,-1
2716,42313,140001715,-1
2717,42314,140001715,-1
2718,42315,140001715,-1
2719,42316,140001715,-1
2720,42317,140001526,-1
2721,42318,140001526,-1
2722,42319,140001540,-1
2723,42320,140001540,-1
2724,42321,140001540,-1
2725,42322,140001540,-1
2726,42323,140001517,-1
2727,42324,140001517,-1
2728,42325,140001630,-1
2729,42326,140001630,-1
2730,42327,140001630,-1
2731,42328,140001533,-1
2732,42329,140001533,24
2733,42330,140001533,-1
2734,42331,140001533,-1
2735,42332,140001548,23
2736,42333,140001515,22
2737,42334,140001602,22
2738,42335,140002557,21
2739,42336,140002557,21
2740,42337,140002428,21
2741,42338,140002428,-1
2742,42339,140002428,-1
2743,42340,140002487,-1
2744,42341,140002487,-1
2745,42342,140002487,-1
2746,42343,140002487,-1
2747,42344,140002422,-1
2748,42345,140002422,-1
2749,42346,140002422,-1
2750,42347,140002447,-1
2751,42348,140002447,-1
2752,42349,140002447,-1
2753,42350,140002447,-1
2754,42352,140002271,-1
2755,42353,140002271,-1
2756,42354,140002281,-1
2757,42355,140002281,-1
2758,42356,140002281,-1
2759,42357,140002393,-1
2760,42358,140002304,-1
2761,42359,140002304,-1
2762,42360,140002363,-1
2763,42361,140002363,-1
2764,42642,140000182,14
2765,42643,140000182,14
2766,42644,140000182,13
2767,42645,140000182,13
2768,42646,140000182,13
2769,42647,140000182,13
2770,42648,140001614,13
2771,42649,140001596,13
2772,42650,140001596,-1
2773,42651,140001596,-1
2774,42652,140001596,-1
2775,42653,140001704,16
2776,42654,140001704,16
2777,42655,140001704,-1
2778,42656,140001560,-1
2779,42657,140001511,-1
2780,42658,140001511,-1
2781,42659,140001511,-1
2782,42660,140001511,-1
2783,42661,140001511,19
2784,42662,140001511,20
2785,42663,140001694,20
2786,42664,140001656,21
2787,42665,140001656,21
2788,42666,140001656,22
2789,42667,140001656,-1
2790,42668,140001656,-1
2791,42669,140001601,-1
2792,42670,140001643,-1
2793,42671,140001643,-1
2794,42672,140001523,-1
2795,42673,140001523,-1
2796,42674,140001523,-1
2797,42675,140001715,-1
2798,42676,140001715,-1
2799,42677,140001526,-1
2800,42678,140001691,-1
2801,42679,140001540,-1
2802,42680,140001540,-1
2803,42681,140001540,-1
2804,42682,140001540,-1
2805,42683,140001517,-1
2806,42684,140001517,-1
2807,42685,140001630,-1
2808,42686,140001630,-1
2809,42687,140001630,-1
2810,42688,140001533,-1
2811,42689,140001533,-1
2812,42690,140001533,24
2813,42691,140001518,-1
2814,42692,140001518,23
2815,42693,140001545,22
2816,42694,140001602,22
2817,42695,140002424,22
2818,42696,140002424,22
2819,42697,140002424,-1
2820,42698,140002424,22
2821,42699,140002424,-1
2822,42700,140002424,-1
2823,42701,140002422,-1
2824,42702,140002422,-1
2825,42703,140002422,-1
2826,42704,140002422,-1
2827,42705,140002422,-1
2828,42706,140002422,-1
2829,42707,140002422,-1
2830,42708,140002411,-1
2831,42709,140002411,-1
2832,42711,140002271,-1
2833,42712,140002271,-1
2834,42713,140002271,-1
2835,42714,140002281,-1
2836,42715,140002281,-1
2837,42716,140002281,-1
2838,42717,140002304,-1
2839,42718,140002304,-1
2840,42719,140002304,-1
2841,42720,140002304,-1
2842,42721,140002363,-1
2843,43007,140000182,14
2844,43010,140001596,14
2845,43011,140001596,14
2846,43012,140001596,15
2847,43013,140001596,16
2848,43014,140001596,16
2849,43015,140001560,16
2850,43016,140001560,17
2851,43017,140001560,17
2852,43018,140001560,18
2853,43019,140001560,-1
2854,43020,140001511,-1
2855,43021,140001511,19
2856,43022,140001511,20
2857,43023,140001592,20
2858,43024,140001592,21
2859,43025,140001656,21
2860,43026,140001656,22
2861,43027,140001656,-1
2862,43028,140001656,-1
2863,43029,140001656,-1
2864,43030,140001643,-1
2865,43031,140001643,-1
2866,43032,140001523,-1
2867,43033,140001523,-1
2868,43034,140001523,-1
2869,43035,140001523,-1
2870,43036,140001637,-1
2871,43037,140001637,-1
2872,43038,140001691,-1
2873,43039,140001540,-1
2874,43040,140001540,-1
2875,43041,140001540,-1
2876,43042,140001540,-1
2877,43043,140001517,-1
2878,43044,140001517,-1
2879,43045,140001630,-1
2880,43046,140001630,-1
2881,43047,140001630,-1
2882,43048,140001630,-1
2883,43049,140001555,-1
2884,43050,140001518,-1
2885,43051,140001525,23
2886,43052,140001525,23
2887,43053,140001545,22
2888,43054,140001602,22
2889,43055,140002424,22
2890,43056,140002424,22
2891,43057,140002424,22
2892,43058,140002424,-1
2893,43059,140002424,-1
2894,43060,140002424,-1
2895,43061,140002422,-1
2896,43062,140002422,-1
2897,43063,140002422,-1
2898,43064,140002422,-1
2899,43065,140002422,-1
2900,43066,140002422,-1
2901,43067,140002422,-1
2902,43068,140002410,-1
2903,43069,140002315,-1
2904,43071,140002271,-1
2905,43072,140002271,-1
2906,43073,140002281,-1
2907,43074,140002281,-1
2908,43075,140002281,-1
2909,43076,140002281,-1
2910,43077,140002304,-1
2911,43078,140002304,-1
2912,43079,140002304,-1
2913,43080,140002304,-1
2914,43081,140001921,-1
2915,43371,140001628,14
2916,43372,140001628,15
2917,43373,140001596,15
2918,43374,140001596,23
2919,43375,140001560,16
2920,43376,140001560,17
2921,43377,140001560,17
2922,43378,140001560,18
2923,43379,140001560,18
2924,43380,140001560,-1
2925,43381,140001511,-1
2926,43382,140001511,-1
2927,43383,140001511,20
2928,43384,140001592,21
2929,43385,140001656,21
2930,43386,140001656,-1
2931,43387,140001656,-1
2932,43388,140001656,-1
2933,43389,140001656,-1
2934,43390,140001643,-1
2935,43391,140001643,-1
2936,43392,140001523,-1
2937,43393,140001523,-1
2938,43394,140001523,-1
2939,43395,140001523,-1
2940,43396,140001637,-1
2941,43397,140001637,-1
2942,43398,140001691,-1
2943,43399,140001540,-1
2944,43400,140001540,-1
2945,43401,140001540,-1
2946,43402,140001540,-1
2947,43403,140001517,-1
2948,43404,140001517,-1
2949,43405,140001630,-1
2950,43406,140001630,-1
2951,43407,140001630,-1
2952,43408,140001630,-1
2953,43409,140001630,24
2954,43410,140001516,-1
2955,43411,140001519,23
2956,43412,140001519,23
2957,43413,140001521,23
2958,43414,140001678,23
2959,43415,140001678,23
2960,43416,140002521,-1
2961,43417,140002521,-1
2962,43418,140002424,23
2963,43419,140002422,23
2964,43420,140002422,23
2965,43421,140002422,-1
2966,43422,140002422,-1
2967,43423,140002422,-1
2968,43424,140002422,-1
2969,43425,140002430,-1
2970,43426,140002430,-1
2971,43427,140002430,-1
2972,43428,140002315,-1
2973,43429,140002315,-1
2974,43430,140002315,-1
2975,43431,140002271,-1
2976,43432,140002279,-1
2977,43433,140002281,-1
2978,43434,140002281,-1
2979,43435,140002281,-1
2980,43436,140002304,-1
2981,43437,140002304,-1
2982,43438,140002304,-1
2983,43439,140002304,-1
2984,43440,140002304,-1
2985,43441,140002363,-1
2986,43731,140001581,15
2987,43732,140001581,15
2988,43733,140001628,15
2989,43734,140001628,16
2990,43735,140001635,16
2991,43736,140001635,17
2992,43737,140001560,17
2993,43738,140001560,18
2994,43739,140001560,23
2995,43740,140001560,19
2996,43741,140001560,19
2997,43742,140001511,20
2998,43743,140001511,-1
2999,43744,140001592,-1
3000,43745,140001592,-1
3001,43746,140001656,-1
3002,43747,140001656,-1
3003,43748,140001656,-1
3004,43749,140001586,-1
3005,43750,140001586,-1
3006,43751,140001643,-1
3007,43752,140001523,-1
3008,43753,140001523,-1
3009,43754,140001523,-1
3010,43755,140001531,-1
3011,43756,140001637,-1
3012,43757,140001637,-1
3013,43758,140001691,-1
3014,43760,140001554,-1
3015,43761,140001530,-1
3016,43762,140001522,-1
3017,43763,140001517,-1
3018,43764,140001517,-1
3019,43765,140001630,-1
3020,43766,140001630,-1
3021,43767,140001630,-1
3022,43768,140001630,-1
3023,43769,140001630,24
3024,43770,140001516,24
3025,43771,140001519,23
3026,43772,140001519,23
3027,43773,140001521,23
3028,43774,140001678,23
3029,43775,140002502,23
3030,43776,140002398,23
3031,43777,140002398,24
3032,43778,140002422,23
3033,43779,140002422,23
3034,43780,140002422,-1
3035,43781,140002422,-1
3036,43782,140002422,-1
3037,43783,140002422,-1
3038,43784,140002436,-1
3039,43785,140002430,-1
3040,43786,140002430,-1
3041,43787,140002567,-1
3042,43788,140002315,-1
3043,43789,140002315,-1
3044,43790,140002315,-1
3045,43791,140002273,-1
3046,43792,140002273,-1
3047,43793,140002279,-1
3048,43794,140002281,-1
3049,43795,140002304,-1
3050,43796,140002304,-1
3051,43797,140002304,-1
3052,43798,140002304,-1
3053,43799,140002304,-1
3054,43800,140002304,-1
3055,43801,140001895,-1
3056,44083,140000171,-1
3057,44084,140000171,-1
3058,44091,140001581,15
3059,44092,140001581,15
3060,44093,140001581,15
3061,44094,140001572,16
3062,44095,140001572,16
3063,44096,140001589,17
3064,44097,140001589,17
3065,44098,140001560,18
3066,44099,140001560,18
3067,44100,140001560,19
3068,44101,140001584,19
3069,44102,140001584,20
3070,44103,140001592,21
3071,44104,140001592,21
3072,44105,140001580,21
3073,44106,140001656,22
3074,44107,140001586,-1
3075,44108,140001586,-1
3076,44109,140001586,-1
3077,44110,140001586,-1
3078,44111,140001643,-1
3079,44112,140001523,-1
3080,44113,140001523,-1
3081,44114,140001523,-1
3082,44115,140001531,-1
3083,44116,140001637,-1
3084,44120,140001554,-1
3085,44121,140001530,-1
3086,44122,140001522,-1
3087,44123,140001522,-1
3088,44124,140001517,-1
3089,44125,140001517,-1
3090,44135,140002559,24
3091,44136,140002398,24
3092,44137,140002398,24
3093,44138,140002545,-1
3094,44139,140002412,24
3095,44140,140002422,24
3096,44141,140002422,24
3097,44142,140002412,-1
3098,44143,140002412,-1
3099,44144,140002412,-1
3100,44145,140002412,-1
3101,44146,140002431,-1
3102,44147,140002293,-1
3103,44148,140002293,-1
3104,44149,140002315,-1
3105,44150,140002273,-1
3106,44151,140002273,-1
3107,44152,140002273,-1
3108,44153,140002279,-1
3109,44154,140002279,-1
3110,44155,140002279,-1
3111,44156,140002376,-1
3112,44157,140002304,-1
3113,44158,140002376,-1
3114,44159,140002376,-1
3115,44160,140002314,-1
3116,44161,140001895,-1
3117,44444,140000171,-1
3118,44452,140001581,16
3119,44453,140001581,16
3120,44454,140001572,16
3121,44455,140001589,16
3122,44456,140001589,17
3123,44457,140001589,17
3124,44458,140001589,18
3125,44459,140001613,18
3126,44460,140001584,19
3127,44461,140001584,19
3128,44462,140001584,20
3129,44463,140001580,20
3130,44464,140001580,21
3131,44465,140001563,21
3132,44466,140001563,23
3133,44467,140001586,-1
3134,44468,140001586,-1
3135,44469,140001586,-1
3136,44470,140001624,-1
3137,44471,140001624,24
3138,44472,140001542,-1
3139,44496,140003599,24
3140,44497,140003596,24
3141,44498,140003598,24
3142,44499,140002412,24
3143,44500,140002412,24
3144,44501,140002412,-1
3145,44502,140002412,-1
3146,44503,140002412,-1
3147,44504,140002412,-1
3148,44505,140002412,-1
3149,44506,140002293,-1
3150,44507,140002293,-1
3151,44508,140002293,-1
3152,44509,140002315,-1
3153,44510,140002279,-1
3154,44511,140002279,-1
3155,44512,140002279,-1
3156,44513,140002279,-1
3157,44514,140002279,-1
3158,44515,140002279,-1
3159,44516,140002279,-1
3160,44517,140002376,-1
3161,44518,140002376,-1
3162,44519,140002314,-1
3163,44520,140002314,-1
3164,44521,140001890,-1
3165,44814,140001591,16
3166,44815,140001589,16
3167,44816,140001589,17
3168,44817,140001613,17
3169,44818,140001613,18
3170,44819,140001613,18
3171,44820,140001584,19
3172,44821,140001584,19
3173,44822,140001584,20
3174,44823,140001580,20
3175,44824,140001580,21
3176,44825,140001563,21
3177,44826,140001563,-1
3178,44827,140001563,22
3179,44828,140001586,23
3180,44829,140001537,23
3181,44830,140001537,24
3182,44831,140001672,24
3183,44832,140001672,-1
3184,44845,140000012,-1
3185,44846,140000012,-1
3186,44847,140000012,-1
3187,44853,140002543,-1
3188,44854,140002483,-1
3189,44855,140002483,-1
3190,44856,140003601,-1
3191,44857,140002491,-1
3192,44858,140002491,-1
3193,44859,140002491,-1
3194,44860,140003598,-1
3195,44861,140002412,-1
3196,44862,140002412,-1
3197,44863,140002412,-1
3198,44864,140002412,-1
3199,44865,140002474,-1
3200,44866,140002293,-1
3201,44867,140002293,-1
3202,44868,140002293,-1
3203,44869,140002305,-1
3204,44870,140002325,-1
3205,44871,140002326,-1
3206,44872,140002279,-1
3207,44873,140002279,-1
3208,44874,140002279,-1
3209,44875,140002279,-1
3210,44876,140002279,-1
3211,44877,140002376,-1
3212,44878,140002376,-1
3213,44879,140002314,-1
3214,44880,140002314,-1
3215,44881,140001890,-1
3216,45174,140001591,17
3217,45175,140001696,17
3218,45176,140001696,17
3219,45177,140001613,17
3220,45178,140001613,18
3221,45179,140001513,18
3222,45180,140001513,19
3223,45181,140001670,19
3224,45182,140001670,20
3225,45183,140001580,20
3226,45184,140001580,21
3227,45185,140001563,21
3228,45186,140001563,22
3229,45187,140001563,22
3230,45188,140001611,23
3231,45189,140001527,23
3232,45190,140001527,24
3233,45191,140001529,24
3234,45192,140001529,-1
3235,45193,140000672,-1
3236,45195,140001039,-1
3237,45204,140000004,-1
3238,45205,140000012,-1
3239,45206,140000012,-1
3240,45207,140000000,-1
3241,45208,140000000,-1
3242,45213,140002543,-1
3243,45214,140002483,-1
3244,45215,140002483,-1
3245,45216,140002427,-1
3246,45217,140002491,-1
3247,45218,140002491,-1
3248,45219,140002491,-1
3249,45220,140003598,-1
3250,45221,140002471,-1
3251,45222,140002412,-1
3252,45223,140002412,-1
3253,45224,140002540,-1
3254,45225,140002548,-1
3255,45226,140002305,-1
3256,45227,140002305,-1
3257,45228,140002305,-1
3258,45229,140002317,-1
3259,45230,140002326,-1
3260,45231,140002326,-1
3261,45232,140002369,-1
3262,45233,140002369,-1
3263,45234,140002369,-1
3264,45235,140002354,-1
3265,45236,140002354,-1
3266,45237,140002376,-1
3267,45238,140002376,-1
3268,45239,140002313,-1
3269,45240,140002313,-1
3270,45241,140002313,-1
3271,45533,140000149,17
3272,45534,140000157,17
3273,45535,140001008,17
3274,45536,140000157,17
3275,45537,140000157,17
3276,45538,140000157,18
3277,45539,140000157,18
3278,45541,140001670,19
3279,45542,140001670,20
3280,45543,140001564,20
3281,45544,140001564,21
3282,45545,140001623,21
3283,45546,140001603,22
3284,45547,140001595,22
3285,45548,140001543,23
3286,45549,140001527,23
3287,45550,140001709,24
3288,45551,140001709,24
3289,45552,140000672,-1
3290,45553,140000672,-1
3291,45555,140000672,-1
3292,45556,140000672,-1
3293,45562,140000006,-1
3294,45563,140000004,-1
3295,45564,140000004,-1
3296,45565,140000000,-1
3297,45566,140000000,-1
3298,45567,140000000,-1
3299,45568,140000000,-1
3300,45569,140000000,-1
3301,45570,140002438,-1
3302,45571,140002438,-1
3303,45572,140002438,-1
3304,45573,140002438,-1
3305,45574,140002494,-1
3306,45575,140002403,-1
3307,45576,140002403,-1
3308,45577,140002542,-1
3309,45578,140002511,-1
3310,45579,140002439,-1
3311,45580,140002439,-1
3312,45581,140002528,-1
3313,45582,140002540,-1
3314,45583,140002540,-1
3315,45584,140002540,-1
3316,45585,140002489,-1
3317,45586,140002317,-1
3318,45587,140002317,-1
3319,45588,140002317,-1
3320,45589,140002341,-1
3321,45590,140002286,-1
3322,45591,140002329,-1
3323,45592,140002369,-1
3324,45593,140002329,-1
3325,45594,140002329,-1
3326,45595,140002329,-1
3327,45596,140002287,-1
3328,45597,140002312,-1
3329,45598,140002312,-1
3330,45599,140002312,-1
3331,45600,140002313,-1
3332,45601,140002251,-1
3333,45892,140000149,18
3334,45893,140000149,18
3335,45894,140000157,18
3336,45895,140000157,18
3337,45896,140000157,18
3338,45897,140000157,18
3339,45898,140000157,18
3340,45899,140000157,18
3341,45900,140000154,19
3342,45907,140001684,22
3343,45908,140001543,23
3344,45909,140001552,23
3345,45910,140001556,24
3346,45911,140001556,24
3347,45912,140001642,-1
3348,45913,140000672,-1
3349,45914,140000672,-1
3350,45915,140000672,-1
3351,45916,140000672,-1
3352,45917,140000684,-1
3353,45921,140000008,-1
3354,45922,140000006,-1
3355,45923,140000006,-1
3356,45924,140000004,-1
3357,45925,140000000,-1
3358,45926,140000000,-1
3359,45927,140000000,-1
3360,45928,140000000,-1
3361,45929,140002450,-1
3362,45930,140002405,-1
3363,45931,140002405,-1
3364,45932,140002438,-1
3365,45933,140002438,-1
3366,45934,140002408,-1
3367,45935,140002403,-1
3368,45936,140002403,-1
3369,45937,140002403,-1
3370,45938,140002504,-1
3371,45939,140002525,-1
3372,45940,140002475,-1
3373,45941,140002475,-1
3374,45942,140002457,-1
3375,45943,140002461,-1
3376,45944,140002489,-1
3377,45945,140002489,-1
3378,45946,140002261,-1
3379,45947,140002261,-1
3380,45948,140002257,-1
3381,45949,140002257,-1
3382,45950,140002286,-1
3383,45951,140002286,-1
3384,45954,140002265,-1
3385,45955,140002265,-1
3386,45956,140002265,-1
3387,45957,140002287,-1
3388,45958,140002251,-1
3389,45959,140002251,-1
3390,45960,140002251,-1
3391,45961,140002251,-1
3392,46251,140000152,18
3393,46252,140000143,18
3394,46253,140000146,18
3395,46254,140000156,18
3396,46255,140000148,18
3397,46256,140000148,18
3398,46257,140000148,18
3399,46258,140000148,18
3400,46259,140000148,18
3401,46260,140000148,19
3402,46261,140000154,19
3403,46262,140000168,20
3404,46269,140000682,23
3405,46270,140000682,24
3406,46273,140000672,-1
3407,46274,140000672,-1
3408,46275,140000672,-1
3409,46276,140000672,-1
3410,46277,140000684,-1
3411,46278,140000684,-1
3412,46281,140000008,-1
3413,46282,140000011,-1
3414,46283,140000001,-1
3415,46284,140000001,-1
3416,46285,140000004,-1
3417,46286,140000002,-1
3418,46287,140000002,-1
3419,46288,140002450,-1
3420,46289,140002450,-1
3421,46290,140002405,-1
3422,46291,140002405,-1
3423,46292,140002405,-1
3424,46293,140002437,-1
3425,46294,140002408,-1
3426,46295,140002537,-1
3427,46296,140002403,-1
3428,46297,140002403,-1
3429,46298,140002504,-1
3430,46299,140002525,-1
3431,46300,140002475,-1
3432,46301,140002475,-1
3433,46302,140002457,-1
3434,46303,140002461,-1
3435,46304,140002461,-1
3436,46305,140002566,-1
3437,46306,140002261,-1
3438,46307,140002366,-1
3439,46308,140002257,-1
3440,46309,140002321,-1
3441,46310,140002335,-1
3442,46314,140002265,-1
3443,46315,140002265,-1
3444,46316,140002265,-1
3445,46317,140002251,-1
3446,46318,140002251,-1
3447,46319,140002251,-1
3448,46320,140002251,-1
3449,46321,140002251,-1
3450,46611,140000143,19
3451,46612,140000143,19
3452,46613,140000143,19
3453,46614,140000158,19
3454,46615,140000148,19
3455,46616,140000148,19
3456,46617,140000148,19
3457,46618,140000148,19
3458,46619,140000148,19
3459,46620,140000154,19
3460,46621,140000154,19
3461,46622,140000168,20
3462,46623,140000168,20
3463,46624,140000168,21
3464,46625,140000168,21
3465,46629,140000682,23
3466,46630,140000682,24
3467,46636,140000684,-1
3468,46637,140000684,-1
3469,46638,140000684,-1
3470,46639,140000677,-1
3471,46640,140000008,-1
3472,46641,140000008,-1
3473,46642,140000001,-1
3474,46643,140000001,-1
3475,46644,140000001,-1
3476,46645,140000001,-1
3477,46646,140000002,-1
3478,46647,140000002,-1
3479,46648,140002455,-1
3480,46649,140002455,-1
3481,46650,140002455,-1
3482,46651,140002405,-1
3483,46652,140002405,-1
3484,46653,140002437,-1
3485,46654,140002408,-1
3486,46655,140002537,-1
3487,46656,140002537,-1
3488,46657,140002510,-1
3489,46658,140002525,-1
3490,46659,140002525,-1
3491,46660,140002479,-1
3492,46661,140002460,-1
3493,46662,140002460,-1
3494,46663,140002461,-1
3495,46664,140002461,-1
3496,46665,140002566,-1
3497,46666,140002366,-1
3498,46667,140002297,-1
3499,46668,140002297,-1
3500,46669,140002299,-1
3501,46670,140002246,-1
3502,46673,140002265,-1
3503,46674,140002265,-1
3504,46675,140002265,-1
3505,46676,140002265,-1
3506,46677,140002251,-1
3507,46678,140002251,-1
3508,46679,140002251,-1
3509,46680,140002251,-1
3510,46681,140002251,-1
3511,46972,140000144,19
3512,46973,140000145,19
3513,46974,140000145,19
3514,46975,140000148,19
3515,46976,140000148,19
3516,46977,140000148,19
3517,46978,140000148,19
3518,46979,140000148,19
3519,46980,140000154,19
3520,46981,140000154,19
3521,46984,140000168,21
3522,46985,140000168,21
3523,46989,140000682,24
3524,46990,140000682,24
3525,46993,140000686,-1
3526,46994,140000676,-1
3527,46995,140000676,-1
3528,46996,140000684,-1
3529,46997,140000684,-1
3530,46998,140000677,-1
3531,46999,140000677,-1
3532,47000,140000014,-1
3533,47001,140000009,-1
3534,47002,140000001,-1
3535,47003,140000001,-1
3536,47004,140000003,-1
3537,47005,140000003,-1
3538,47006,140000002,-1
3539,47007,140000003,-1
3540,47008,140002455,-1
3541,47009,140002455,-1
3542,47010,140002459,-1
3543,47011,140002437,-1
3544,47012,140002437,-1
3545,47013,140002437,-1
3546,47014,140002437,-1
3547,47015,140002512,-1
3548,47016,140002570,-1
3549,47017,140002555,-1
3550,47018,140002555,-1
3551,47019,140002480,-1
3552,47020,140002480,-1
3553,47021,140002480,-1
3554,47022,140002481,-1
3555,47023,140002508,-1
3556,47024,140002391,-1
3557,47025,140002318,-1
3558,47026,140002318,-1
3559,47027,140002330,-1
3560,47028,140002289,-1
3561,47029,140002349,-1
3562,47030,140002246,-1
3563,47031,140002264,-1
3564,47033,140002265,-1
3565,47034,140002265,-1
3566,47035,140002265,-1
3567,47036,140002265,-1
3568,47037,140002251,-1
3569,47038,140002251,-1
3570,47039,140002251,-1
3571,47040,140002251,-1
3572,47041,140002277,-1
